Hour,S0,S1,S2,S3,S4,S5
00:00:54,54.8,50.4,49.8,49.4,50.6,47.5
00:01:54,54.1,50.2,49.6,49.4,50.7,47.5
00:02:54,54.2,50.5,49.9,49.3,50.4,47.3
00:03:54,54.6,50.5,50.0,49.2,50.4,47.3
00:04:54,55.0,50.5,49.9,49.2,50.4,47.3
00:05:54,54.8,50.6,50.0,49.1,50.3,47.2
00:06:54,54.6,50.3,49.6,49.3,50.5,47.4
00:07:54,54.8,50.5,50.1,49.1,50.4,47.3
00:08:54,54.5,50.5,49.9,49.3,50.5,47.4
00:09:54,54.7,50.5,50.0,49.3,50.5,47.3
00:10:54,55.2,50.3,49.8,49.5,50.7,47.6
00:11:54,54.7,50.8,50.3,49.2,50.3,47.3
00:12:54,54.6,50.4,49.8,49.5,50.7,47.6
00:13:54,54.9,50.5,50.1,49.4,50.5,47.5
00:14:54,54.8,50.5,49.8,49.7,50.8,47.6
00:15:54,55.0,51.0,50.2,49.5,50.5,47.3
00:16:54,54.7,51.0,50.3,49.2,50.6,47.4
00:17:54,54.8,50.4,50.1,49.5,50.7,47.6
00:18:54,54.5,50.5,49.9,49.6,50.8,47.6
00:19:54,55.0,50.9,50.4,49.3,50.5,47.3
00:20:54,54.6,50.9,50.3,49.3,50.4,47.3
00:21:54,54.3,50.9,50.3,49.3,50.4,47.3
00:22:54,54.7,50.3,49.8,49.6,50.7,47.6
00:23:54,54.9,50.5,49.8,49.5,50.7,47.6
00:24:54,55.2,50.3,49.8,49.5,50.7,47.7
00:25:54,55.1,50.4,49.8,49.6,50.7,47.7
00:26:54,54.9,50.5,49.9,49.7,50.7,47.6
00:27:54,55.1,50.5,50.0,49.5,50.9,47.5
00:28:54,55.0,51.1,50.5,49.5,50.5,47.4
00:29:54,54.8,50.8,50.3,49.6,50.8,47.6
00:30:54,55.0,50.8,50.2,49.5,50.8,47.6
00:31:54,54.9,50.9,50.1,49.6,50.9,47.6
00:32:54,54.9,50.7,50.0,49.8,51.0,47.8
00:33:54,54.9,50.9,50.1,49.7,50.8,47.7
00:34:54,54.8,50.9,50.4,49.7,50.9,47.8
00:35:54,54.8,51.1,50.5,49.5,50.6,47.6
00:36:54,55.2,51.1,50.4,49.5,50.6,47.7
00:37:54,54.8,50.7,50.1,49.8,50.9,47.9
00:38:54,54.6,51.1,50.5,49.4,50.6,47.5
00:39:54,54.8,50.7,50.0,49.8,50.9,47.9
00:40:54,55.2,51.0,50.3,49.5,50.8,47.6
00:41:54,55.3,50.9,50.3,49.6,50.8,47.6
00:42:54,55.2,51.0,50.4,49.3,50.7,47.6
00:43:54,55.0,50.7,50.2,49.7,50.9,47.8
00:44:54,55.1,50.7,50.0,49.8,50.8,47.8
00:45:54,55.2,51.0,50.4,49.7,50.8,47.7
00:46:54,55.1,50.9,50.3,49.9,51.0,47.8
00:47:54,55.4,51.2,50.5,49.7,50.8,47.7
00:48:54,55.3,51.4,50.7,49.6,50.8,47.7
00:49:54,55.3,51.4,50.7,49.7,50.8,47.7
00:50:54,55.4,51.5,50.8,49.6,50.8,47.6
00:51:54,55.4,51.1,50.6,50.0,51.2,48.0
00:52:54,55.1,51.5,50.8,49.6,50.9,47.6
00:53:54,55.2,50.9,50.4,50.1,51.2,48.1
00:54:54,55.3,51.3,50.7,49.7,50.9,47.9
00:55:54,55.1,51.5,50.7,49.7,50.9,47.8
00:56:54,55.1,51.5,50.8,49.5,50.8,47.8
00:57:54,55.4,51.3,50.7,49.6,50.8,47.9
00:58:54,55.2,51.2,50.5,49.7,51.0,47.9
00:59:54,55.1,51.1,50.7,49.6,50.8,47.9
01:00:54,55.4,51.3,50.5,49.8,50.9,47.8
01:01:54,55.7,51.1,50.5,49.9,51.1,47.9
01:02:54,55.8,50.9,50.3,50.1,51.1,48.0
01:03:54,55.5,51.6,50.8,49.8,51.0,47.8
01:04:54,55.4,51.0,50.5,50.1,51.3,48.1
01:05:54,55.2,51.2,50.5,49.8,51.2,48.1
01:06:54,55.7,51.2,50.5,50.1,51.3,48.2
01:07:54,55.5,51.6,50.8,49.9,51.1,47.9
01:08:54,55.5,51.3,50.8,50.1,51.3,48.1
01:09:54,55.1,51.6,50.9,49.9,51.0,48.1
01:10:54,55.5,51.7,50.9,49.9,51.2,48.1
01:11:54,55.8,51.4,50.9,50.1,51.4,48.2
01:12:54,55.7,51.5,50.9,50.0,51.2,48.2
01:13:54,55.3,51.4,50.8,50.0,51.4,48.3
01:14:54,55.3,51.2,50.7,50.0,51.4,48.5
01:15:54,55.2,51.0,50.6,50.3,51.4,48.5
01:16:54,55.7,51.2,50.7,50.3,51.4,48.4
01:17:54,55.7,51.1,50.5,50.3,51.4,48.6
01:18:54,55.9,51.4,50.8,49.9,51.3,48.4
01:19:54,55.9,51.4,50.9,49.8,51.1,48.4
01:20:54,55.9,51.3,50.7,50.1,51.3,48.3
01:21:54,56.2,51.7,51.0,49.8,51.1,48.0
01:22:54,55.9,51.3,50.8,50.2,51.4,48.3
01:23:54,55.7,51.8,50.9,50.0,51.2,48.1
01:24:53,56.2,51.6,50.8,50.2,51.5,48.4
01:25:53,56.1,51.7,51.2,50.1,51.5,48.2
01:26:53,55.6,51.3,50.7,50.4,51.8,48.4
01:27:53,55.8,51.4,50.9,50.3,51.6,48.4
01:28:53,55.6,51.9,51.2,50.0,51.4,48.2
01:29:53,55.7,51.5,51.1,50.3,51.5,48.4
01:30:53,56.1,51.4,50.9,50.6,51.6,48.4
01:31:53,55.4,51.9,51.2,50.3,51.4,48.3
01:32:53,55.6,51.5,50.8,50.5,51.7,48.5
01:33:53,55.7,51.6,50.9,50.4,51.7,48.5
01:34:53,55.7,51.4,50.8,50.5,51.6,48.6
01:35:53,55.9,51.5,50.9,50.3,51.5,48.5
01:36:53,55.7,51.3,50.8,50.4,51.6,48.6
01:37:53,55.8,51.8,51.2,50.0,51.3,48.3
01:38:53,55.8,51.7,51.0,50.2,51.4,48.3
01:39:53,56.2,51.8,51.1,50.1,51.3,48.2
01:40:53,56.1,51.9,51.1,50.1,51.3,48.2
01:41:53,56.4,51.3,51.0,50.4,51.7,48.6
01:42:53,56.3,51.9,51.2,50.1,51.3,48.3
01:43:53,56.1,51.9,51.3,50.2,51.4,48.3
01:44:53,56.0,51.9,51.2,50.3,51.6,48.4
01:45:53,56.4,51.8,51.3,50.3,51.6,48.4
01:46:53,56.1,52.0,51.3,50.4,51.5,48.5
01:47:53,56.1,51.5,50.9,50.6,51.9,48.7
01:48:53,56.0,51.6,51.0,50.6,51.8,48.7
01:49:53,56.3,51.8,51.0,50.6,51.9,48.6
01:50:53,56.1,51.9,51.3,50.4,51.6,48.4
01:51:53,55.9,52.0,51.4,50.3,51.6,48.4
01:52:53,55.9,51.9,51.4,50.3,51.7,48.4
01:53:53,55.9,51.6,51.0,50.6,51.8,48.7
01:54:53,55.9,51.5,50.9,50.7,51.8,48.7
01:55:53,56.1,51.5,51.0,50.7,51.7,48.6
01:56:53,56.1,51.5,51.0,50.6,51.7,48.6
01:57:53,56.1,51.7,51.3,50.4,51.6,48.4
01:58:53,56.0,51.6,51.0,50.4,51.6,48.4
01:59:53,56.3,51.8,51.3,50.2,51.6,48.4
02:00:53,56.5,51.8,51.3,50.2,51.5,48.4
02:01:53,56.2,51.5,51.0,50.6,51.8,48.6
02:02:53,56.3,51.8,51.1,50.6,51.7,48.5
02:03:53,56.4,52.0,51.3,50.3,51.6,48.4
02:04:53,56.1,51.8,51.3,50.6,51.7,48.5
02:05:53,56.4,51.7,51.1,50.6,52.0,48.7
02:06:53,56.5,51.8,51.4,50.7,52.0,48.6
02:07:53,56.1,51.8,51.0,50.8,52.0,48.8
02:08:53,56.5,52.1,51.4,50.7,51.9,48.7
02:09:53,56.2,51.9,51.3,50.6,51.8,48.7
02:10:53,56.2,52.2,51.6,50.5,51.7,48.6
02:11:53,56.3,52.3,51.6,50.5,51.8,48.5
02:12:53,56.3,51.7,51.1,50.8,52.1,48.8
02:13:53,56.1,51.7,51.1,50.8,52.1,49.0
02:14:53,56.1,52.1,51.5,50.5,51.8,48.6
02:15:53,56.3,51.6,51.2,50.9,52.0,49.0
02:16:53,56.5,51.6,51.0,50.9,52.0,48.9
02:17:53,56.4,52.1,51.3,50.5,51.8,48.6
02:18:53,56.5,51.7,51.3,50.6,51.8,48.8
02:19:53,56.6,51.6,51.0,50.8,52.0,48.8
02:20:53,56.3,52.1,51.6,50.4,51.7,48.6
02:21:53,56.5,51.7,51.2,50.7,52.0,48.7
02:22:53,56.7,52.2,51.6,50.6,51.7,48.6
02:23:53,56.8,52.1,51.3,50.8,52.0,48.8
02:24:53,56.3,52.1,51.4,50.7,52.0,48.7
02:25:53,56.4,51.9,51.2,51.0,52.1,48.8
02:26:53,56.6,52.4,51.6,50.7,52.1,48.6
02:27:53,56.7,52.5,51.6,50.7,52.0,48.6
02:28:53,56.4,52.3,51.7,50.8,52.0,48.7
02:29:53,56.2,52.3,51.6,50.6,52.0,48.7
02:30:53,56.3,52.4,51.6,50.8,52.0,48.7
02:31:53,56.6,52.4,51.9,50.7,51.9,48.8
02:32:53,56.1,52.1,51.5,50.8,52.1,49.0
02:33:53,55.9,52.3,51.7,50.8,51.9,48.7
02:34:53,56.5,52.0,51.3,51.0,52.2,49.0
02:35:53,56.1,51.8,51.1,51.0,52.2,49.0
02:36:53,56.5,51.8,51.2,50.9,52.1,48.9
02:37:53,56.3,52.2,51.6,50.6,51.8,48.7
02:38:53,56.2,51.7,51.1,50.8,52.1,49.0
02:39:53,56.6,52.3,51.6,50.5,51.8,48.6
02:40:53,56.5,52.2,51.5,50.6,51.9,48.8
02:41:53,56.7,51.8,51.2,51.0,52.1,49.0
02:42:53,56.5,51.9,51.2,51.0,52.0,48.8
02:43:53,56.8,52.1,51.6,50.8,52.1,48.8
02:44:53,56.7,52.4,51.5,50.8,52.1,48.8
02:45:53,56.5,52.0,51.4,51.0,52.3,49.0
02:46:53,56.4,52.4,51.7,51.0,52.2,48.8
02:47:53,56.9,52.2,51.5,51.1,52.3,49.0
02:48:53,56.9,52.7,51.8,51.0,52.1,48.9
02:49:53,56.4,52.1,51.5,51.3,52.5,49.1
02:50:53,56.4,52.7,52.0,50.8,52.1,48.7
02:51:53,56.2,52.5,51.9,50.9,52.1,49.0
02:52:53,56.2,52.4,51.6,51.0,52.3,49.0
02:53:53,56.5,52.3,51.6,51.1,52.3,49.2
02:54:53,56.2,52.3,51.6,51.0,52.3,49.1
02:55:53,56.6,52.0,51.6,51.1,52.3,49.2
02:56:53,56.4,52.3,51.6,51.0,52.1,49.1
02:57:53,56.6,52.4,51.9,50.7,52.0,48.8
02:58:53,56.5,52.3,51.6,50.8,51.9,48.9
02:59:53,56.7,52.1,51.4,51.0,52.2,48.9
03:00:53,56.8,52.5,51.8,50.8,51.9,48.8
03:01:53,56.8,52.4,51.7,50.8,51.9,48.9
03:02:53,57.0,52.1,51.5,51.0,52.2,49.1
03:03:53,56.8,52.2,51.6,50.9,52.2,49.0
03:04:53,56.9,52.2,51.6,50.9,52.4,48.9
03:05:53,57.3,52.2,51.8,51.2,52.5,49.1
03:06:53,57.2,52.9,52.0,50.8,52.1,48.8
03:07:53,57.1,52.4,51.9,51.1,52.5,49.0
03:08:53,56.8,52.4,51.7,51.2,52.5,49.1
03:09:53,56.4,52.5,51.8,51.2,52.4,49.1
03:10:53,56.9,52.8,52.1,51.0,52.2,48.9
03:11:53,56.2,52.4,51.9,51.2,52.4,49.2
03:12:53,56.7,52.4,51.7,51.4,52.5,49.2
03:13:53,56.2,52.2,51.8,51.2,52.5,49.2
03:14:53,56.5,52.2,51.7,51.3,52.5,49.3
03:15:53,56.3,52.7,52.0,50.9,52.1,49.0
03:16:53,56.8,52.5,51.9,51.0,52.4,49.2
03:17:53,56.6,52.8,52.0,50.9,52.1,49.0
03:18:53,56.4,52.6,52.0,50.9,52.1,48.9
03:19:53,56.6,52.6,51.9,50.8,52.2,49.1
03:20:53,56.4,52.1,51.5,51.2,52.4,49.3
03:21:53,56.8,52.8,52.1,50.7,52.1,48.9
03:22:53,56.7,52.5,51.9,50.9,52.1,49.1
03:23:53,56.6,52.6,52.0,50.8,52.1,49.0
03:24:53,57.1,52.8,52.0,50.9,52.2,49.0
03:25:53,57.2,52.5,51.8,51.1,52.5,49.2
03:26:53,56.9,52.7,51.9,51.1,52.4,49.1
03:27:53,57.1,52.6,52.0,51.1,52.4,49.1
03:28:53,57.3,52.8,52.1,51.1,52.4,49.0
03:29:53,56.7,52.4,51.9,51.3,52.7,49.1
03:30:53,57.3,52.7,52.1,51.2,52.8,49.2
03:31:53,57.1,52.9,52.1,51.2,52.5,49.2
03:32:53,57.2,52.7,51.9,51.4,52.7,49.3
03:33:53,56.9,52.4,51.8,51.5,52.8,49.4
03:34:53,56.8,52.9,52.2,51.0,52.4,49.2
03:35:53,56.7,52.8,52.1,51.2,52.4,49.2
03:36:53,56.6,52.5,51.9,51.4,52.6,49.4
03:37:53,56.6,52.3,51.8,51.4,52.7,49.4
03:38:53,56.8,53.0,52.3,51.1,52.3,49.1
03:39:53,56.9,52.2,52.0,51.4,52.6,49.4
03:40:53,56.6,52.9,52.3,50.9,52.2,48.9
03:41:53,57.1,52.8,52.3,51.0,52.4,49.1
03:42:53,56.9,52.3,52.0,51.3,52.6,49.3
03:43:53,56.8,52.8,52.3,50.9,52.3,49.1
03:44:53,57.2,52.6,52.2,51.1,52.4,49.2
03:45:53,56.9,52.3,52.1,51.3,52.5,49.2
03:46:53,57.4,52.4,52.0,51.3,52.6,49.2
03:47:53,57.3,52.5,52.0,51.4,52.7,49.3
03:48:53,57.4,53.0,52.8,51.0,52.4,49.0
03:49:53,57.2,52.5,52.2,51.5,52.8,49.3
03:50:53,57.3,52.5,52.2,51.5,52.8,49.4
03:51:53,56.7,52.6,52.5,51.3,52.6,49.4
03:52:53,57.4,52.9,52.7,51.2,52.5,49.2
03:53:53,57.2,53.0,52.7,51.5,52.5,49.2
03:54:53,56.8,53.0,52.7,51.2,52.7,49.3
03:55:53,56.6,52.7,52.1,51.5,52.8,49.5
03:56:53,56.9,52.7,52.4,51.4,52.8,49.5
03:57:53,56.8,53.0,52.6,51.3,52.6,49.4
03:58:53,57.1,52.9,52.6,51.2,52.5,49.4
03:59:53,56.7,52.4,52.1,51.6,52.8,49.5
04:00:53,57.1,52.5,52.2,51.5,52.6,49.5
04:01:53,56.8,52.8,52.5,51.2,52.4,49.4
04:02:53,56.8,52.4,52.0,51.3,52.7,49.4
04:03:53,57.3,52.7,52.3,51.1,52.5,49.2
04:04:53,57.4,52.4,52.3,51.4,52.5,49.3
04:05:53,57.3,52.8,52.4,51.1,52.4,49.3
04:06:53,57.1,52.4,52.2,51.4,52.5,49.3
04:07:53,57.1,53.0,52.6,51.0,52.5,49.1
04:08:53,57.7,52.5,52.3,51.5,52.7,49.4
04:09:53,57.6,53.0,52.7,51.1,52.6,49.2
04:10:53,57.7,53.0,52.7,51.2,52.6,49.3
04:11:53,57.6,52.6,52.2,51.5,53.0,49.4
04:12:53,57.6,53.1,52.6,51.4,52.7,49.4
04:13:53,57.2,52.6,52.3,51.7,53.0,49.6
04:14:53,56.9,53.1,52.7,51.4,52.8,49.3
04:15:53,57.0,53.1,52.7,51.4,52.8,49.4
04:16:53,57.2,52.6,52.3,51.7,53.0,49.6
04:17:53,57.1,53.2,52.7,51.3,52.7,49.4
04:18:53,56.9,53.3,52.7,51.4,52.6,49.4
04:19:53,56.9,52.5,52.3,51.8,53.0,49.7
04:20:53,56.7,52.6,52.2,51.7,52.8,49.7
04:21:53,57.1,52.7,52.2,51.7,52.9,49.7
04:22:53,57.1,52.6,52.3,51.6,52.8,49.6
04:23:53,57.3,53.0,52.6,51.3,52.7,49.5
04:24:53,57.2,52.4,52.1,51.7,52.9,49.6
04:25:53,57.2,52.7,52.5,51.4,52.7,49.5
04:26:53,57.4,52.8,52.6,51.4,52.5,49.4
04:27:53,57.7,52.9,52.7,51.3,52.6,49.4
04:28:53,57.2,52.9,52.6,51.4,52.6,49.5
04:29:53,57.2,53.1,52.6,51.3,52.7,49.3
04:30:53,57.4,52.6,52.3,51.5,52.8,49.6
04:31:53,57.6,53.2,52.9,51.1,52.7,49.3
04:32:53,57.3,53.1,52.6,51.5,52.7,49.4
04:33:53,57.1,52.9,52.5,51.7,52.9,49.5
04:34:53,57.5,52.9,52.6,51.6,52.9,49.5
04:35:53,57.0,53.1,52.8,51.5,52.9,49.5
04:36:53,57.3,52.9,52.6,51.7,52.9,49.7
04:37:53,57.2,52.5,52.3,51.9,53.2,49.8
04:38:53,57.1,52.7,52.5,51.7,53.1,49.7
04:39:53,57.2,53.0,52.6,51.7,53.0,49.7
04:40:53,57.2,53.2,52.9,51.4,52.7,49.5
04:41:53,57.0,52.6,52.2,51.9,53.1,49.7
04:42:53,57.2,52.6,52.3,51.8,53.0,49.8
04:43:53,57.0,52.7,52.4,51.6,52.9,49.6
04:44:53,56.9,52.7,52.4,51.7,52.9,49.7
04:45:53,57.1,52.6,52.2,51.7,52.9,49.6
04:46:53,57.5,52.7,52.2,51.7,52.9,49.7
04:47:53,57.2,52.9,52.5,51.3,52.6,49.5
04:48:53,57.6,53.0,52.6,51.2,52.6,49.4
04:49:53,57.3,52.8,52.5,51.4,52.7,49.4
04:50:53,57.4,52.6,52.3,51.5,52.9,49.7
04:51:53,57.3,52.6,52.3,51.6,52.9,49.6
04:52:53,57.8,53.1,52.8,51.4,52.8,49.3
04:53:52,57.8,52.7,52.3,51.7,52.9,49.6
04:54:52,57.8,53.1,52.9,51.4,52.8,49.4
04:55:52,57.7,53.3,52.9,51.4,52.8,49.4
04:56:52,57.4,53.2,53.0,51.4,52.7,49.4
04:57:52,57.4,53.2,52.9,51.6,52.8,49.6
04:58:52,57.6,52.9,52.6,51.9,53.0,49.8
04:59:52,57.4,52.6,52.4,52.0,53.2,49.7
05:00:52,57.4,53.1,52.8,51.7,53.0,49.7
05:01:52,57.5,53.3,52.9,51.7,52.8,49.6
05:02:52,57.3,52.9,52.6,51.8,53.1,49.8
05:03:52,57.4,52.7,52.6,51.9,53.2,49.9
05:04:52,57.3,52.7,52.3,51.9,53.1,49.9
05:05:52,57.5,53.1,52.9,51.4,53.0,49.6
05:06:52,57.2,53.1,52.8,51.4,52.8,49.6
05:07:52,56.9,53.2,52.8,51.4,52.6,49.5
05:08:52,57.6,53.1,52.8,51.4,52.6,49.5
05:09:52,57.7,53.1,52.9,51.4,52.6,49.5
05:10:52,57.6,52.6,52.3,51.6,52.9,49.7
05:11:52,57.9,53.1,52.4,51.7,53.0,49.8
05:12:52,57.8,53.0,52.8,51.4,52.7,49.4
05:13:52,57.9,53.1,52.8,51.5,52.7,49.6
05:14:52,57.5,53.2,52.8,51.6,52.8,49.6
05:15:52,58.0,52.9,52.5,51.8,53.0,49.7
05:16:52,57.6,52.8,52.5,51.9,53.2,49.8
05:17:52,57.4,53.1,52.9,51.6,53.0,49.7
05:18:52,57.8,53.0,52.8,51.8,53.0,49.9
05:19:52,57.4,52.7,52.4,52.1,53.3,50.0
05:20:52,57.6,53.3,53.1,51.6,52.9,49.7
05:21:52,57.5,53.1,52.8,51.8,53.2,49.8
05:22:52,57.4,53.0,52.7,52.0,53.2,49.9
05:23:52,57.3,52.8,52.6,52.0,53.3,49.9
05:24:52,57.1,53.1,52.8,51.7,53.1,49.8
05:25:52,57.1,53.3,52.8,51.8,53.1,49.7
05:26:52,57.1,52.8,52.6,51.9,53.1,49.9
05:27:52,57.2,52.7,52.6,51.9,53.0,49.8
05:28:52,57.4,52.9,52.5,51.9,53.0,49.8
05:29:52,57.3,52.7,52.3,51.9,53.2,49.9
05:30:52,57.3,53.1,52.8,51.6,52.8,49.7
05:31:52,57.9,52.7,52.4,52.0,53.0,49.8
05:32:52,57.8,52.7,52.4,52.0,53.0,49.8
05:33:52,58.0,53.3,52.8,51.6,52.8,49.5
05:34:52,57.7,52.8,52.5,52.0,53.1,49.9
05:35:52,57.6,53.2,52.9,51.6,52.8,49.5
05:36:52,58.0,53.1,52.6,51.9,53.1,49.8
05:37:52,57.7,53.4,52.8,51.7,52.9,49.6
05:38:52,57.4,53.5,53.0,51.7,52.9,49.5
05:39:52,57.7,53.5,53.1,51.7,52.9,49.7
05:40:52,57.8,53.5,53.1,51.7,53.0,49.7
05:41:52,57.7,53.6,53.0,51.7,53.0,49.6
05:42:52,57.8,53.1,52.7,52.2,53.2,49.9
05:43:52,57.4,53.2,52.7,52.1,53.3,49.9
05:44:52,57.3,53.1,52.6,52.1,53.3,49.9
05:45:52,57.2,53.4,53.0,51.9,53.0,49.8
05:46:52,57.5,53.4,53.1,51.9,53.0,49.7
05:47:52,57.6,53.2,53.0,52.0,53.0,49.9
05:48:52,57.4,53.2,52.8,52.0,53.1,49.8
05:49:52,57.1,53.3,53.0,51.8,52.9,49.7
05:50:52,57.5,53.4,53.0,51.7,52.9,49.7
05:51:52,57.8,53.2,52.9,52.0,52.9,49.7
05:52:52,57.1,53.3,52.9,51.9,52.8,49.8
05:53:52,57.2,53.0,52.4,51.9,52.8,49.7
05:54:52,57.9,53.2,52.9,51.8,52.7,49.6
05:55:52,57.8,53.3,52.9,51.7,52.9,49.5
05:56:52,57.7,53.0,52.6,51.8,53.0,49.7
05:57:52,58.1,53.2,52.9,51.6,52.8,49.6
05:58:52,57.9,53.0,52.6,51.8,53.1,49.7
05:59:52,57.6,53.0,52.7,51.9,53.0,49.8
06:00:52,57.7,53.1,52.7,51.9,53.2,49.9
06:01:52,57.6,53.1,52.8,52.0,53.3,49.9
06:02:52,57.8,53.7,53.1,51.7,53.0,49.6
06:03:52,57.5,53.5,53.0,51.9,53.1,49.6
06:04:52,57.4,53.1,52.8,52.1,53.1,49.9
06:05:52,57.6,53.3,53.0,52.1,53.2,49.9
06:06:52,57.8,53.4,52.9,52.0,53.3,49.8
06:07:52,57.7,53.5,53.1,51.9,53.2,49.8
06:08:52,57.3,53.2,52.9,52.1,53.3,50.0
06:09:52,57.4,53.6,53.2,51.8,53.0,49.8
06:10:52,57.1,53.3,53.1,51.9,53.1,49.8
06:11:52,57.6,53.5,53.2,51.8,53.0,49.7
06:12:52,57.6,53.0,52.8,52.2,53.2,50.0
06:13:52,57.4,53.4,53.1,51.8,53.0,49.8
06:14:52,57.1,53.2,53.0,51.9,53.0,49.8
06:15:52,57.6,52.9,52.7,52.1,53.2,50.0
06:16:52,58.0,53.1,52.8,52.0,53.0,49.9
06:17:52,57.8,53.1,52.7,52.0,53.3,49.8
06:18:52,57.5,53.0,52.6,52.2,53.1,49.9
06:19:52,57.7,53.2,53.1,52.0,53.0,49.8
06:20:52,58.1,53.2,52.7,52.5,53.4,49.9
06:21:52,58.0,53.4,53.0,52.2,53.2,49.9
06:22:52,58.0,53.2,52.9,52.4,53.4,49.9
06:23:52,58.0,53.1,52.8,52.5,53.5,50.0
06:24:52,57.7,53.4,53.1,52.4,53.2,49.9
06:25:52,57.5,53.2,52.9,52.5,53.4,50.1
06:26:52,57.8,53.5,53.1,52.4,53.3,49.8
06:27:52,57.4,53.5,53.2,52.0,53.1,49.7
06:28:52,57.4,53.4,53.1,52.2,53.3,49.8
06:29:52,57.7,53.5,53.2,52.2,53.1,49.8
06:30:52,57.6,53.1,52.8,52.4,53.4,50.2
06:31:52,57.1,53.4,53.1,52.0,53.0,49.7
06:32:52,57.1,53.0,52.8,52.2,53.2,50.1
06:33:52,57.5,53.2,52.9,52.2,53.0,49.8
06:34:52,57.2,53.0,52.8,52.1,53.0,49.9
06:35:52,57.6,53.1,52.6,52.2,53.1,50.0
06:36:52,57.4,52.8,52.8,52.1,53.0,49.9
06:37:52,57.3,52.9,52.7,52.1,52.9,49.8
06:38:52,57.6,52.7,52.8,52.0,53.0,49.8
06:39:52,57.9,52.9,52.9,51.9,52.9,49.8
06:40:52,57.6,52.4,52.6,52.1,53.2,49.8
06:41:52,57.7,52.2,52.5,52.3,53.3,49.8
06:42:52,57.8,52.2,52.9,52.1,53.1,49.8
06:43:52,57.7,52.2,53.2,52.0,53.1,49.6
06:44:52,57.6,52.1,53.2,52.0,53.1,49.8
06:45:52,57.4,52.3,53.1,52.0,53.1,49.7
06:46:52,57.7,52.5,53.2,52.0,53.1,49.9
06:47:52,57.8,52.4,52.9,52.1,53.3,50.2
06:48:52,57.8,52.4,52.6,52.3,53.4,50.3
06:49:52,57.6,52.9,53.0,52.2,53.0,50.3
06:50:52,57.4,53.1,53.0,52.1,53.1,50.3
06:51:52,57.5,52.5,52.5,52.5,53.4,50.7
06:52:52,56.8,52.9,52.6,52.3,53.1,50.5
06:53:52,57.3,53.2,52.9,52.0,53.0,50.4
06:54:52,57.2,52.9,52.6,52.1,53.2,50.3
06:55:52,57.0,52.8,52.6,51.9,53.1,50.2
06:56:52,56.5,53.1,52.8,51.9,53.0,50.1
06:57:52,57.0,52.6,52.3,51.9,53.0,50.0
06:58:52,56.8,52.8,52.6,51.8,52.8,50.0
06:59:52,56.9,52.9,52.6,51.7,52.7,49.9
07:00:52,57.1,52.5,52.2,52.1,52.7,49.9
07:01:52,56.9,52.6,52.3,51.8,52.8,49.8
07:02:52,57.4,52.6,52.3,51.9,52.9,49.8
07:03:52,57.2,52.8,52.5,51.7,52.9,49.6
07:04:52,57.5,53.0,53.0,51.5,52.9,49.5
07:05:52,57.6,52.6,52.3,51.9,53.5,49.8
07:06:52,57.3,53.0,52.9,51.5,53.3,49.5
07:07:52,57.3,52.6,52.4,51.9,53.5,49.8
07:08:52,57.4,53.2,52.9,51.7,53.3,49.6
07:09:52,57.1,53.0,52.8,51.6,53.4,49.7
07:10:52,57.0,52.6,52.4,51.9,53.6,49.9
07:11:52,56.8,52.8,52.6,51.8,53.5,49.7
07:12:52,57.1,53.1,53.0,51.8,53.2,49.8
07:13:52,56.6,53.1,52.9,51.6,53.1,49.7
07:14:52,56.5,52.7,52.4,51.8,53.3,49.9
07:15:52,57.0,52.7,52.6,51.9,53.2,49.9
07:16:52,56.9,52.6,52.4,51.9,53.1,49.8
07:17:52,57.0,52.4,52.3,51.8,53.2,49.9
07:18:52,56.7,52.8,52.4,51.5,53.1,49.8
07:19:52,57.0,52.5,52.2,51.7,53.2,49.8
07:20:52,56.8,52.4,52.0,51.6,53.2,49.8
07:21:52,56.6,52.6,52.2,51.4,53.0,49.7
07:22:52,56.9,52.5,52.1,51.4,53.1,49.8
07:23:52,57.2,52.3,52.0,51.6,53.2,49.9
07:24:52,57.2,53.0,52.4,51.3,53.1,49.7
07:25:52,57.0,52.9,52.4,51.3,53.0,49.6
07:26:52,57.1,52.6,52.3,51.5,53.0,49.8
07:27:52,57.0,52.7,52.3,51.5,52.9,49.9
07:28:52,57.0,53.1,52.5,51.4,53.0,49.6
07:29:52,56.9,52.7,52.1,51.6,53.1,49.8
07:30:52,56.8,53.0,52.4,51.4,52.9,49.7
07:31:52,56.4,52.7,52.0,51.6,53.1,49.8
07:32:52,56.6,53.0,52.5,51.3,52.6,49.6
07:33:52,56.3,52.9,52.4,51.3,52.6,49.8
07:34:52,56.1,52.5,52.2,51.4,52.7,49.7
07:35:52,56.3,52.4,52.0,51.5,52.8,49.8
07:36:52,56.5,52.9,52.2,51.0,52.3,49.6
07:37:52,56.2,52.6,52.1,51.1,52.4,49.6
07:38:52,55.9,52.4,51.8,51.2,52.4,49.6
07:39:52,56.1,52.3,51.8,51.1,52.3,49.6
07:40:52,56.3,52.1,51.5,51.4,52.3,49.7
07:41:52,56.1,52.5,51.8,51.0,52.0,49.3
07:42:52,56.2,52.0,51.5,51.0,52.3,49.5
07:43:52,56.6,52.7,51.9,50.7,51.9,49.3
07:44:52,56.4,52.9,51.9,50.7,51.8,49.1
07:45:52,56.6,53.0,52.1,50.7,51.9,49.2
07:46:52,56.4,52.9,52.0,50.8,52.1,49.1
07:47:52,56.4,53.0,52.2,50.6,52.0,48.9
07:48:52,56.3,52.9,52.2,50.6,52.1,49.1
07:49:52,56.6,52.9,52.2,51.0,52.0,49.1
07:50:52,56.6,52.6,51.9,51.1,52.3,49.3
07:51:52,56.1,52.8,52.0,50.9,52.2,49.2
07:52:52,56.1,52.4,51.7,51.3,52.2,49.3
07:53:52,55.9,52.4,51.8,51.1,52.2,49.4
07:54:52,55.8,52.9,52.2,50.8,52.0,49.0
07:55:52,55.9,52.8,52.0,50.9,51.9,49.0
07:56:52,55.9,52.4,51.8,51.0,52.2,49.2
07:57:52,56.1,52.6,51.9,50.8,52.0,48.9
07:58:52,56.0,52.1,51.6,51.0,52.1,49.2
07:59:52,56.0,52.5,51.7,50.8,51.9,48.9
08:00:52,55.6,51.9,51.4,50.8,52.1,49.1
08:01:52,56.2,51.7,51.3,50.9,52.0,49.3
08:02:52,56.0,51.7,51.2,50.8,52.0,49.0
08:03:52,55.9,51.7,51.3,50.7,51.9,49.0
08:04:52,56.0,51.6,51.3,50.8,51.9,49.1
08:05:52,56.1,51.8,51.2,50.7,51.8,48.9
08:06:52,56.0,51.8,51.2,50.8,51.9,48.8
08:07:52,56.0,51.7,51.1,50.9,52.0,49.0
08:08:52,56.0,52.1,51.6,50.5,51.7,48.7
08:09:52,56.1,52.1,51.7,50.5,51.6,48.7
08:10:52,55.8,51.7,51.3,50.9,52.0,48.8
08:11:52,56.3,51.8,51.3,50.9,52.1,48.9
08:12:52,55.9,52.2,51.7,50.6,51.7,48.6
08:13:52,55.7,51.7,51.2,51.0,52.1,48.9
08:14:52,55.6,51.7,51.2,50.9,52.0,48.9
08:15:52,56.0,51.7,51.1,51.0,52.1,48.9
08:16:52,55.4,52.1,51.4,50.7,51.7,48.7
08:17:52,55.9,52.1,51.6,50.5,51.7,48.8
08:18:52,55.3,51.8,51.4,50.6,51.8,48.8
08:19:52,55.6,51.7,51.4,50.6,51.7,48.7
08:20:52,55.6,51.9,51.4,50.4,51.6,48.6
08:21:52,55.9,51.9,51.4,50.4,51.5,48.5
08:22:52,55.6,51.7,51.3,50.4,51.7,48.6
08:23:51,56.0,51.8,51.3,50.5,51.8,48.6
08:24:51,56.2,52.1,51.3,50.3,51.5,48.5
08:25:51,55.9,51.9,51.4,50.4,51.6,48.4
08:26:51,56.1,51.7,51.4,50.3,51.7,48.5
08:27:51,56.0,52.0,51.5,50.3,51.6,48.4
08:28:51,56.2,52.0,51.5,50.4,51.5,48.4
08:29:51,55.7,52.0,51.5,50.4,51.6,48.5
08:30:51,55.9,51.6,51.3,50.7,51.8,48.7
08:31:51,55.8,51.6,51.2,50.7,51.8,48.8
08:32:51,55.9,51.8,51.3,50.7,51.8,48.7
08:33:51,56.2,51.7,51.1,50.8,52.0,48.7
08:34:51,55.6,51.5,51.1,50.8,51.8,48.8
08:35:51,55.4,51.6,51.2,50.6,51.7,48.7
08:36:51,55.7,51.8,51.3,50.5,51.7,48.6
08:37:51,55.7,51.3,51.1,50.8,51.8,48.8
08:38:51,55.8,51.8,51.4,50.4,51.6,48.5
08:39:51,55.8,51.4,51.1,50.7,51.8,48.7
08:40:51,55.8,51.4,50.9,50.6,51.7,48.6
08:41:51,55.3,51.4,50.7,50.5,51.6,48.7
08:42:51,55.7,51.6,51.2,50.2,51.3,48.5
08:43:51,56.0,51.6,51.0,50.3,51.5,48.5
08:44:51,55.8,51.8,51.3,50.2,51.3,48.4
08:45:51,55.9,51.4,51.1,50.4,51.5,48.6
08:46:51,55.6,51.6,51.4,50.2,51.4,48.4
08:47:51,55.8,51.6,51.3,50.2,51.6,48.4
08:48:51,55.7,51.6,51.4,50.2,51.6,48.4
08:49:51,55.9,51.4,51.3,50.4,51.7,48.6
08:50:51,56.0,51.3,51.3,50.5,51.9,48.6
08:51:51,55.8,51.6,51.1,50.5,51.9,48.5
08:52:51,55.9,51.8,51.6,50.2,51.8,48.3
08:53:51,55.6,51.6,51.1,50.4,51.9,48.6
08:54:51,55.5,51.9,51.5,50.2,51.6,48.3
08:55:51,55.5,51.8,51.2,50.3,51.8,48.4
08:56:51,55.5,51.7,51.0,50.5,51.7,48.5
08:57:51,55.3,51.9,51.2,50.3,51.6,48.3
08:58:51,54.9,51.6,51.2,50.3,51.5,48.3
08:59:51,55.6,51.7,51.2,50.2,51.5,48.3
09:00:51,55.0,51.6,51.0,50.3,51.6,48.3
09:01:51,55.7,51.2,50.8,50.5,51.6,48.6
09:02:51,55.7,51.7,51.1,50.0,51.2,48.2
09:03:51,55.8,51.3,50.8,50.2,51.4,48.4
09:04:51,55.7,51.2,50.7,50.4,51.6,48.5
09:05:51,55.7,51.4,50.8,50.2,51.5,48.4
09:06:51,55.8,51.3,50.8,50.2,51.5,48.4
09:07:51,56.0,51.5,50.8,50.3,51.6,48.4
09:08:51,55.9,51.5,50.8,50.4,51.6,48.5
09:09:51,55.6,51.8,51.2,50.1,51.5,48.1
09:10:51,55.7,51.5,50.9,50.4,51.7,48.4
09:11:51,56.0,51.4,50.9,50.4,51.7,48.6
09:12:51,55.6,51.9,51.3,50.1,51.4,48.3
09:13:51,55.9,51.9,51.4,50.3,51.3,48.4
09:14:51,55.4,52.0,51.3,50.3,51.4,48.3
09:15:51,55.1,51.9,50.9,50.3,51.4,48.4
09:16:51,55.0,51.4,50.8,50.5,51.7,48.7
09:17:51,55.3,51.9,51.2,50.0,51.4,48.5
09:18:51,55.6,51.4,50.7,50.4,51.6,48.6
09:19:51,55.5,51.2,50.6,50.3,51.6,48.7
09:20:51,55.3,51.3,50.8,50.4,51.4,48.6
09:21:51,55.9,51.4,50.7,50.3,51.4,48.6
09:22:51,55.7,51.5,51.0,50.0,51.2,48.5
09:23:51,55.8,51.4,50.7,50.3,51.4,48.6
09:24:51,55.8,51.2,50.6,50.4,51.6,48.6
09:25:51,56.0,51.4,51.0,50.1,51.5,48.7
09:26:51,55.6,51.7,51.0,50.0,51.3,48.3
09:27:51,56.1,51.9,51.2,49.9,51.4,48.3
09:28:51,56.1,51.3,50.9,50.4,51.8,48.4
09:29:51,56.0,51.3,50.8,50.7,51.8,48.6
09:30:51,55.6,51.6,51.0,50.4,51.7,48.5
09:31:51,55.7,51.5,50.9,50.5,51.7,48.6
09:32:51,55.8,51.6,50.8,50.4,51.7,48.5
09:33:51,55.6,51.9,51.2,50.2,51.4,48.4
09:34:51,55.5,51.5,51.0,50.4,51.6,48.5
09:35:51,55.4,51.6,51.1,50.3,51.5,48.4
09:36:51,55.8,51.6,50.9,50.4,51.6,48.5
09:37:51,55.3,51.3,50.8,50.4,51.7,48.6
09:38:51,55.5,51.2,50.8,50.5,51.6,48.7
09:39:51,55.8,51.4,50.9,50.4,51.6,48.5
09:40:51,55.5,51.6,50.9,50.2,51.4,48.4
09:41:51,55.8,51.5,50.8,50.4,51.5,48.5
09:42:51,56.2,51.4,51.0,50.3,51.7,48.5
09:43:51,55.8,51.8,51.2,50.1,51.4,48.3
09:44:51,55.6,51.6,50.8,50.3,51.7,48.5
09:45:51,56.0,51.8,51.2,50.0,51.4,48.3
09:46:51,55.9,51.9,51.2,50.1,51.5,48.3
09:47:51,56.0,51.5,50.8,50.5,51.8,48.5
09:48:51,56.1,52.1,51.4,50.2,51.5,48.4
09:49:51,55.8,51.5,51.0,50.4,51.7,48.6
09:50:51,55.8,51.9,51.3,50.4,51.6,48.5
09:51:51,55.5,51.6,51.0,50.6,51.7,48.6
09:52:51,55.8,51.5,51.1,50.5,51.8,48.6
09:53:51,55.3,51.8,51.5,50.2,51.5,48.4
09:54:51,55.5,51.3,50.8,50.6,51.8,48.8
09:55:51,55.3,51.3,50.8,50.7,51.8,48.8
09:56:51,55.6,51.4,50.8,50.5,51.7,48.6
09:57:51,55.9,51.6,50.9,50.6,51.7,48.6
09:58:51,56.0,51.7,51.3,50.1,51.5,48.4
09:59:51,56.2,51.5,51.0,50.3,51.5,48.6
10:00:51,55.6,51.8,51.3,50.0,51.3,48.4
10:01:51,56.2,51.6,50.9,50.4,51.4,48.5
10:02:51,55.9,51.4,51.0,50.3,51.6,48.5
10:03:51,55.6,51.9,51.3,49.9,51.4,48.3
10:04:51,56.3,51.3,50.8,50.4,51.7,48.6
10:05:51,55.7,51.7,51.0,50.3,51.5,48.4
10:06:51,55.8,51.5,51.0,50.4,51.6,48.5
10:07:51,56.2,51.8,51.2,50.4,51.6,48.4
10:08:51,56.1,51.9,51.3,50.2,51.5,48.5
10:09:51,55.8,51.4,50.9,50.7,51.8,48.7
10:10:51,56.1,51.5,50.9,50.6,51.8,48.6
10:11:51,55.8,51.4,50.9,50.7,51.8,48.7
10:12:51,55.9,51.8,51.3,50.4,51.7,48.5
10:13:51,55.6,51.7,51.1,50.6,51.7,48.6
10:14:51,55.9,51.4,51.1,50.6,51.8,48.7
10:15:51,55.7,51.8,51.2,50.3,51.6,48.5
10:16:51,55.8,51.9,51.3,50.1,51.6,48.4
10:17:51,55.8,51.4,50.8,50.7,51.9,48.7
10:18:51,55.4,51.8,51.2,50.3,51.5,48.5
10:19:51,55.9,51.7,51.1,50.3,51.6,48.5
10:20:51,56.1,51.6,51.0,50.4,51.6,48.4
10:21:51,56.2,51.4,51.0,50.5,51.6,48.5
10:22:51,55.7,51.3,51.0,50.4,51.6,48.5
10:23:51,55.8,51.4,50.9,50.5,51.7,48.6
10:24:51,56.2,51.8,51.3,50.4,51.6,48.5
10:25:51,56.1,51.6,51.1,50.3,51.8,48.5
10:26:51,56.0,51.4,50.9,50.7,51.9,48.6
10:27:51,56.1,51.5,50.9,50.7,52.0,48.6
10:28:51,56.0,52.0,51.4,50.3,51.9,48.4
10:29:51,56.1,51.9,51.6,50.4,51.9,48.4
10:30:51,56.1,51.9,51.6,50.3,51.9,48.4
10:31:51,56.0,51.6,50.9,50.7,52.2,48.7
10:32:51,55.8,51.9,51.4,50.3,51.9,48.5
10:33:51,55.6,51.5,50.9,50.7,52.1,48.6
10:34:51,55.6,51.8,51.2,50.5,51.9,48.6
10:35:51,55.8,51.5,51.0,50.5,51.9,48.6
10:36:51,55.9,51.7,51.3,50.4,51.7,48.6
10:37:51,56.1,51.8,51.3,50.4,51.5,48.4
10:38:51,55.7,51.8,51.3,50.1,51.5,48.4
10:39:51,56.0,51.9,51.1,50.2,51.7,48.4
10:40:51,56.1,51.8,51.3,50.2,51.8,48.4
10:41:51,56.0,51.3,50.8,50.6,52.2,48.6
10:42:51,55.9,52.0,51.3,50.3,52.0,48.3
10:43:51,55.9,51.9,51.4,50.3,52.1,48.3
10:44:51,56.3,51.9,51.4,50.3,52.1,48.5
10:45:51,56.0,52.0,51.4,50.3,52.0,48.4
10:46:51,56.2,51.6,51.0,50.7,52.3,48.7
10:47:51,56.0,52.0,51.4,50.4,51.9,48.4
10:48:51,56.2,52.0,51.4,50.5,51.9,48.5
10:49:51,56.1,51.7,50.9,50.8,52.0,48.7
10:50:51,55.8,51.9,51.4,50.4,51.8,48.4
10:51:51,56.1,52.1,51.5,50.3,51.7,48.4
10:52:51,55.7,52.0,51.4,50.5,51.9,48.6
10:53:51,55.9,51.6,51.0,50.8,52.1,48.6
10:54:51,56.0,51.8,51.3,50.4,51.9,48.5
10:55:51,55.8,51.6,50.9,50.6,52.2,48.6
10:56:51,56.0,51.5,50.8,50.7,52.1,48.7
10:57:51,55.9,51.4,50.9,50.7,52.0,48.7
10:58:51,55.7,51.4,50.9,50.5,51.9,48.5
10:59:51,55.8,51.9,51.4,50.2,51.7,48.3
11:00:51,55.7,51.8,51.1,50.2,51.6,48.5
11:01:51,56.3,51.9,51.3,50.2,51.6,48.4
11:02:51,56.1,51.4,50.8,50.6,52.0,48.6
11:03:51,56.0,51.8,51.2,50.4,51.7,48.5
11:04:51,56.2,52.0,51.5,50.2,51.6,48.3
11:05:51,56.2,52.0,51.5,50.2,51.5,48.4
11:06:51,56.4,51.7,51.4,50.5,52.0,48.5
11:07:51,56.2,51.9,51.7,50.5,51.7,48.6
11:08:51,56.2,51.7,51.6,50.5,51.8,48.6
11:09:51,56.1,52.0,51.8,50.2,51.5,48.4
11:10:51,56.0,51.5,51.3,50.7,51.9,48.7
11:11:51,55.8,51.5,51.3,50.7,51.9,48.7
11:12:51,55.8,52.1,51.7,50.3,51.6,48.4
11:13:51,56.0,51.4,51.3,50.7,51.9,48.7
11:14:51,55.6,51.6,51.3,50.5,51.8,48.7
11:15:51,56.1,51.8,51.5,50.2,51.7,48.5
11:16:51,55.9,51.4,51.0,50.6,51.8,48.6
11:17:51,55.8,51.7,51.2,50.5,51.6,48.5
11:18:51,56.1,51.5,51.0,50.4,51.8,48.7
11:19:51,55.8,51.5,51.0,50.4,51.7,48.6
11:20:51,56.0,51.9,51.4,50.2,51.5,48.3
11:21:51,56.6,51.7,51.1,50.5,51.8,48.6
11:22:51,56.0,51.5,51.0,50.6,51.8,48.7
11:23:51,56.5,51.7,51.2,50.5,51.8,48.6
11:24:51,56.1,51.8,51.3,50.5,51.7,48.5
11:25:51,55.9,51.5,51.2,50.6,52.0,48.6
11:26:51,55.9,51.5,51.1,50.7,52.1,48.8
11:27:51,56.0,52.0,51.6,50.3,51.6,48.4
11:28:51,55.9,52.1,51.6,50.4,51.7,48.4
11:29:51,56.2,51.9,51.6,50.5,51.9,48.6
11:30:51,56.0,51.6,51.1,50.8,52.0,48.8
11:31:51,56.0,51.8,51.3,50.6,52.0,48.6
11:32:51,56.1,51.8,51.3,50.7,51.9,48.7
11:33:51,56.2,51.9,51.4,50.4,51.8,48.4
11:34:51,56.0,51.6,51.2,50.6,51.9,48.6
11:35:51,56.1,51.6,51.0,50.6,52.1,48.8
11:36:51,56.3,51.9,51.5,50.4,51.7,48.5
11:37:51,56.0,51.9,51.4,50.3,51.8,48.5
11:38:51,55.9,51.9,51.2,50.2,51.8,48.5
11:39:51,56.3,51.8,51.3,50.3,51.9,48.4
11:40:51,56.6,51.9,51.5,50.3,52.1,48.4
11:41:51,56.2,51.9,51.3,50.4,52.0,48.5
11:42:51,56.0,51.8,51.2,50.6,52.2,48.6
11:43:51,56.5,51.9,51.4,50.5,52.1,48.6
11:44:51,56.1,51.6,51.1,50.7,52.2,48.7
11:45:51,56.1,52.2,51.6,50.4,51.9,48.4
11:46:51,56.1,52.1,51.6,50.4,51.9,48.5
11:47:51,56.2,52.0,51.4,50.5,52.1,48.6
11:48:51,56.5,51.9,51.5,50.5,52.1,48.7
11:49:51,56.2,51.9,51.5,50.5,52.1,48.6
11:50:51,56.0,51.8,51.2,50.7,52.1,48.7
11:51:51,55.7,52.0,51.6,50.5,51.8,48.5
11:52:50,56.0,51.6,51.0,50.9,52.1,48.8
11:53:50,56.0,51.8,51.2,50.6,52.0,48.8
11:54:50,55.9,51.6,51.0,50.7,52.0,48.7
11:55:50,56.1,51.6,50.9,50.8,52.0,48.8
11:56:50,55.9,51.3,50.8,50.8,52.1,48.8
11:57:50,56.2,51.8,51.3,50.4,51.7,48.6
11:58:50,56.1,51.9,51.3,50.4,51.8,48.5
11:59:50,56.1,51.5,51.1,50.5,51.8,48.7
12:00:50,56.0,51.3,51.0,50.7,52.0,48.7
12:01:50,56.4,52.0,51.3,50.4,51.6,48.3
12:02:50,56.4,51.6,51.1,50.7,51.9,48.6
12:03:50,56.5,51.5,51.2,50.6,52.0,48.5
12:04:50,56.1,51.6,51.2,50.5,51.9,48.6
12:05:50,55.8,51.8,51.3,50.5,51.9,48.7
12:06:50,56.1,51.9,51.5,50.4,51.8,48.5
12:07:50,55.9,51.7,51.1,50.7,52.1,48.8
12:08:50,56.1,51.9,51.4,50.7,51.9,48.6
12:09:50,56.2,52.0,51.5,50.5,51.9,48.5
12:10:50,56.2,51.8,51.3,50.7,51.9,48.6
12:11:50,55.7,51.4,51.0,50.8,52.0,48.8
12:12:50,55.7,51.9,51.3,50.5,52.0,48.6
12:13:50,55.9,51.6,51.1,50.6,51.9,48.8
12:14:50,55.9,51.9,51.4,50.6,51.8,48.6
12:15:50,56.0,51.9,51.3,50.4,51.8,48.5
12:16:50,56.3,51.4,51.0,50.7,52.0,48.7
12:17:50,56.1,52.0,51.4,50.2,51.6,48.5
12:18:50,55.9,51.5,51.1,50.6,52.0,48.7
12:19:50,55.9,51.9,51.3,50.4,51.6,48.4
12:20:50,55.9,51.7,51.4,50.3,51.7,48.4
12:21:50,56.1,51.4,50.9,50.7,52.0,48.7
12:22:50,56.2,51.5,51.0,50.7,52.0,48.6
12:23:50,56.4,51.7,51.1,50.7,52.0,48.7
12:24:50,55.9,51.8,51.5,50.6,51.9,48.7
12:25:50,56.2,51.7,51.2,50.8,52.0,48.7
12:26:50,56.5,51.8,51.4,50.8,51.9,48.7
12:27:50,56.4,51.8,51.3,50.9,52.1,48.7
12:28:50,56.0,51.7,51.1,50.9,52.2,48.7
12:29:50,56.2,52.0,51.4,50.7,52.1,48.7
12:30:50,56.0,52.2,51.7,50.5,51.7,48.5
12:31:50,56.2,51.7,51.2,50.8,52.2,48.9
12:32:50,56.0,51.7,51.2,50.8,52.1,48.8
12:33:50,55.9,52.1,51.6,50.5,51.8,48.5
12:34:50,56.0,51.7,51.3,50.7,52.0,48.8
12:35:50,56.0,51.9,51.4,50.5,51.9,48.7
12:36:50,56.0,52.0,51.4,50.5,51.9,48.6
12:37:50,56.0,52.0,51.3,50.4,51.8,48.5
12:38:50,56.1,51.9,51.4,50.5,51.7,48.5
12:39:50,56.5,52.1,51.5,50.3,51.9,48.5
12:40:50,56.2,52.2,51.5,50.4,51.6,48.6
12:41:50,56.2,51.8,51.3,50.6,51.9,48.6
12:42:50,56.4,51.7,51.2,50.8,52.0,48.7
12:43:50,56.7,52.0,51.4,50.6,51.9,48.6
12:44:50,56.4,51.8,51.3,50.7,52.0,48.7
12:45:50,56.1,52.1,51.7,50.5,51.8,48.5
12:46:50,56.1,51.9,51.2,50.7,52.1,48.8
12:47:50,56.1,51.8,51.1,50.8,52.1,48.8
12:48:50,56.3,52.1,51.6,50.6,52.0,48.7
12:49:50,56.0,52.1,51.7,50.6,51.9,48.7
12:50:50,56.1,52.0,51.4,50.8,52.1,48.9
12:51:50,56.0,52.0,51.3,50.8,52.1,48.8
12:52:50,56.3,51.9,51.5,50.7,52.0,48.8
12:53:50,56.2,52.0,51.8,50.6,51.9,48.8
12:54:50,56.4,52.0,51.3,50.8,52.1,48.9
12:55:50,56.1,52.0,51.4,50.6,51.9,48.8
12:56:50,55.9,51.6,51.2,50.8,52.1,48.9
12:57:50,56.3,51.9,51.3,50.7,51.9,48.9
12:58:50,56.6,51.5,51.1,50.8,52.1,48.9
12:59:50,56.3,51.7,51.2,50.7,52.0,48.9
13:00:50,56.3,51.7,51.2,50.7,52.0,48.9
13:01:50,56.7,51.7,51.2,50.8,52.1,48.8
13:02:50,56.3,52.0,51.3,50.6,51.9,48.7
13:03:50,56.7,52.2,51.7,50.5,51.9,48.5
13:04:50,56.3,51.8,51.3,50.8,52.1,48.8
13:05:50,56.6,52.0,51.2,50.9,52.2,48.9
13:06:50,56.7,51.9,51.3,50.9,52.3,49.0
13:07:50,56.7,52.4,51.9,50.6,52.0,48.7
13:08:50,56.7,52.3,51.6,50.8,52.1,48.9
13:09:50,56.3,52.4,51.8,50.7,51.9,48.7
13:10:50,56.7,52.6,51.8,50.8,52.0,48.9
13:11:50,56.4,52.4,51.9,50.7,52.0,48.9
13:12:50,56.0,52.4,51.9,50.7,52.0,48.8
13:13:50,56.0,52.4,51.8,50.7,52.0,48.9
13:14:50,56.1,51.9,51.5,51.0,52.1,49.0
13:15:50,56.5,52.0,51.5,50.9,52.1,49.0
13:16:50,56.4,52.0,51.4,51.0,52.1,49.0
13:17:50,56.2,51.8,51.3,51.0,52.1,49.0
13:18:50,56.6,52.0,51.5,50.8,52.0,48.8
13:19:50,56.3,52.0,51.7,50.5,51.8,48.6
13:20:50,56.5,52.2,51.7,50.5,51.7,48.7
13:21:50,56.4,52.1,51.5,50.7,52.0,48.8
13:22:50,56.7,51.8,51.4,50.9,52.1,48.9
13:23:50,56.9,52.0,51.4,51.0,52.1,48.8
13:24:50,56.7,52.4,51.8,50.6,51.9,48.6
13:25:50,56.4,52.0,51.5,50.8,52.3,48.9
13:26:50,56.3,52.5,51.9,50.6,52.0,48.7
13:27:50,56.3,52.1,51.5,51.0,52.3,48.9
13:28:50,56.5,52.2,51.7,50.9,52.3,49.0
13:29:50,56.9,52.3,51.6,51.0,52.3,49.0
13:30:50,56.3,52.1,51.6,51.0,52.3,49.0
13:31:50,56.4,52.0,51.6,51.0,52.3,49.0
13:32:50,56.2,52.0,51.4,51.0,52.3,49.0
13:33:50,56.1,52.4,51.9,50.7,52.0,48.8
13:34:50,56.3,52.5,51.8,50.9,52.0,48.7
13:35:50,56.5,52.5,51.8,50.7,52.0,48.7
13:36:50,56.2,51.9,51.4,51.0,52.2,49.0
13:37:50,56.3,52.3,51.7,50.7,51.9,48.8
13:38:50,56.2,51.8,51.3,50.9,52.0,49.0
13:39:50,56.4,51.9,51.3,50.8,52.2,49.0
13:40:50,56.5,52.0,51.5,50.7,51.9,48.8
13:41:50,56.8,52.0,51.4,50.7,52.1,48.8
13:42:50,56.3,52.0,51.5,50.9,52.1,48.9
13:43:50,56.4,52.4,51.8,50.6,51.9,48.6
13:44:50,56.7,52.1,51.3,51.0,52.2,48.8
13:45:50,56.7,52.3,51.7,50.8,52.3,48.8
13:46:50,56.8,52.1,51.6,51.0,52.3,49.0
13:47:50,56.8,52.1,51.5,51.1,52.3,49.0
13:48:50,56.7,52.1,51.5,51.1,52.3,49.0
13:49:50,56.8,52.5,51.9,50.8,52.1,48.7
13:50:50,56.8,52.3,51.7,51.2,52.3,49.0
13:51:50,56.4,52.5,51.8,50.9,52.3,48.8
13:52:50,56.4,52.7,52.0,50.8,52.1,48.8
13:53:50,56.6,52.5,51.7,51.0,52.1,49.0
13:54:50,56.2,52.3,51.9,50.9,52.1,49.0
13:55:50,56.5,52.2,51.5,51.1,52.3,49.1
13:56:50,56.4,52.4,51.9,50.7,52.0,48.8
13:57:50,56.6,52.0,51.4,51.1,52.3,49.1
13:58:50,56.3,52.2,51.6,51.0,52.3,49.0
13:59:50,56.7,52.4,51.9,50.8,51.9,48.9
14:00:50,56.6,52.0,51.4,50.9,52.2,49.1
14:01:50,56.8,52.1,51.4,51.1,52.2,49.0
14:02:50,56.7,52.1,51.5,50.9,52.2,49.0
14:03:50,56.4,52.1,51.6,50.8,52.1,49.0
14:04:50,56.9,52.1,51.5,50.9,52.3,48.9
14:05:50,56.7,52.5,51.8,50.7,52.1,48.8
14:06:50,57.0,52.5,52.0,50.7,52.1,48.7
14:07:50,56.8,52.5,52.0,50.8,52.1,48.8
14:08:50,56.7,52.5,51.9,50.8,52.2,48.9
14:09:50,56.9,52.5,51.7,51.1,52.5,49.1
14:10:50,56.9,52.7,52.0,50.9,52.2,48.8
14:11:50,56.8,52.2,51.6,51.3,52.6,49.2
14:12:50,56.4,52.5,51.9,51.0,52.3,49.1
14:13:50,56.4,52.6,52.0,51.0,52.3,49.0
14:14:50,56.5,52.7,51.9,50.9,52.3,49.0
14:15:50,56.2,52.7,52.0,50.7,52.2,48.9
14:16:50,56.2,52.4,51.7,51.1,52.3,49.2
14:17:50,56.2,52.1,51.5,51.0,52.5,49.2
14:18:50,56.7,52.3,51.5,51.3,52.4,49.1
14:19:50,56.4,52.5,51.8,50.7,52.2,48.9
14:20:50,56.3,52.1,51.5,51.1,52.3,49.0
14:21:50,56.8,52.0,51.5,51.1,52.3,49.2
14:22:50,56.9,52.1,51.4,51.0,52.3,49.1
14:23:50,56.9,52.2,51.6,51.0,52.3,49.0
14:24:50,56.7,52.0,51.6,51.1,52.4,49.1
14:25:50,56.7,52.7,52.0,50.8,52.2,48.9
14:26:50,56.6,52.7,52.0,50.8,52.3,48.9
14:27:50,56.9,52.5,52.2,50.9,52.3,48.9
14:28:50,56.5,52.3,52.0,51.1,52.6,49.1
14:29:50,56.6,52.8,52.2,51.0,52.4,48.9
14:30:50,56.8,52.8,52.3,50.9,52.3,49.0
14:31:50,56.9,52.7,52.2,50.9,52.4,49.1
14:32:50,56.7,52.3,51.7,51.4,52.7,49.4
14:33:50,56.6,52.2,51.8,51.3,52.7,49.3
14:34:50,56.6,52.7,52.0,50.9,52.4,49.1
14:35:50,56.3,52.4,51.7,51.1,52.5,49.2
14:36:50,56.4,52.3,51.8,51.1,52.5,49.2
14:37:50,56.2,52.2,51.7,51.2,52.4,49.3
14:38:50,56.4,52.3,51.8,51.1,52.4,49.2
14:39:50,56.7,52.1,51.5,51.2,52.4,49.2
14:40:50,56.4,52.2,51.6,51.1,52.3,49.2
14:41:50,56.2,52.0,51.4,51.1,52.4,49.1
14:42:50,56.5,52.5,51.9,50.7,52.0,48.8
14:43:50,56.7,52.2,51.5,51.1,52.3,49.0
14:44:50,56.4,52.2,51.6,51.0,52.2,48.9
14:45:50,56.5,52.3,51.7,50.9,52.3,49.0
14:46:50,56.6,52.4,52.0,50.7,52.0,48.8
14:47:50,56.6,52.5,51.9,50.8,52.0,48.8
14:48:50,56.9,52.4,51.9,51.0,52.3,49.0
14:49:50,57.1,52.2,51.7,51.4,52.5,49.0
14:50:50,56.5,52.7,52.0,50.8,52.2,48.9
14:51:50,56.9,52.6,52.1,50.9,52.4,49.0
14:52:50,56.9,52.7,52.0,50.8,52.4,49.0
14:53:50,56.6,52.7,52.0,50.9,52.4,48.9
14:54:50,56.6,52.2,51.8,51.2,52.6,49.1
14:55:50,56.3,52.2,51.9,51.3,52.6,49.2
14:56:50,56.4,52.7,52.4,51.0,52.2,49.0
14:57:50,56.4,52.5,52.1,51.1,52.4,49.1
14:58:50,56.3,52.5,52.3,51.0,52.2,49.1
14:59:50,56.3,52.0,51.8,51.3,52.6,49.3
15:00:50,56.3,52.4,52.0,50.9,52.4,49.0
15:01:50,56.4,52.3,52.0,50.9,52.2,49.0
15:02:50,56.4,52.1,51.7,51.1,52.3,49.2
15:03:50,56.7,52.3,52.0,50.8,52.0,48.9
15:04:50,56.7,52.2,51.7,51.0,52.3,49.1
15:05:50,57.0,52.5,52.0,50.8,52.0,48.9
15:06:50,56.7,52.5,52.1,50.7,52.1,48.9
15:07:50,56.6,52.6,52.1,50.7,52.1,48.8
15:08:50,57.1,52.6,51.9,51.1,52.2,49.0
15:09:50,56.6,52.6,51.7,51.1,52.4,49.1
15:10:50,56.9,52.9,51.7,51.2,52.5,49.1
15:11:50,57.0,53.1,51.8,51.1,52.5,49.1
15:12:50,57.1,53.3,51.8,51.2,52.5,49.1
15:13:50,56.6,53.0,51.8,51.4,52.7,49.3
15:14:50,56.7,53.5,52.2,50.9,52.4,49.0
15:15:50,56.6,53.0,51.7,51.3,52.7,49.2
15:16:50,56.6,53.4,52.1,51.0,52.3,49.0
15:17:50,56.5,53.3,52.2,50.9,52.3,49.0
15:18:50,56.8,52.8,51.7,51.4,52.7,49.2
15:19:50,56.4,52.8,51.7,51.3,52.6,49.2
15:20:49,56.5,52.8,51.6,51.2,52.5,49.3
15:21:49,56.6,53.1,51.7,51.1,52.4,49.2
15:22:49,56.7,53.4,52.0,50.9,52.2,49.1
15:23:49,56.6,53.0,51.6,51.0,52.5,49.2
15:24:49,57.0,53.6,51.9,50.8,52.2,49.0
15:25:49,57.1,53.2,51.9,51.1,52.5,49.2
15:26:49,56.7,53.1,51.7,51.2,52.5,49.2
15:27:49,56.8,53.4,52.2,50.9,52.4,49.0
15:28:49,56.9,53.3,51.8,51.2,52.5,49.1
15:29:49,56.9,53.2,51.8,51.3,52.7,49.2
15:30:49,56.7,53.1,51.9,51.2,52.6,49.2
15:31:49,56.7,53.3,52.2,51.0,52.4,49.1
15:32:49,56.7,53.1,52.0,51.2,52.6,49.2
15:33:49,56.5,53.2,52.1,51.0,52.4,49.0
15:34:49,56.7,53.1,52.2,51.0,52.4,49.1
15:35:49,56.4,52.6,51.8,51.4,52.7,49.4
15:36:49,56.3,52.8,52.0,51.1,52.4,49.2
15:37:49,56.5,52.6,51.7,51.2,52.5,49.3
15:38:49,56.6,52.5,51.7,51.3,52.5,49.3
15:39:49,56.6,52.4,51.6,51.4,52.5,49.3
15:40:49,56.3,52.6,51.8,51.0,52.2,49.2
15:41:49,56.5,52.7,51.9,50.9,52.1,49.1
15:42:49,56.6,52.4,51.5,51.2,52.4,49.2
15:43:49,56.7,52.4,51.8,50.9,52.2,49.2
15:44:49,56.7,52.5,51.6,50.8,52.1,49.1
15:45:49,56.5,52.9,51.9,50.8,52.0,48.8
15:46:49,57.2,52.7,51.4,51.2,52.2,49.0
15:47:49,56.9,52.9,51.7,51.3,52.2,49.0
15:48:49,57.1,53.4,51.9,51.5,52.1,48.8
15:49:49,56.6,53.5,52.0,51.5,52.1,48.7
15:50:49,57.2,53.3,51.9,51.9,52.4,49.0
15:51:49,57.0,53.6,52.0,51.8,52.2,48.9
15:52:49,56.6,53.1,51.6,52.1,52.6,49.2
15:53:49,56.8,53.4,51.8,51.9,52.5,49.1
15:54:49,56.9,53.1,51.7,51.9,52.6,49.1
15:55:49,56.5,53.5,52.0,51.5,52.3,48.9
15:56:49,56.6,53.1,51.8,51.6,52.5,49.3
15:57:49,56.4,52.8,51.6,51.5,52.5,49.3
15:58:49,56.2,52.5,51.6,51.6,52.6,49.4
15:59:49,56.4,53.1,52.0,51.4,52.2,49.0
16:00:49,56.2,53.0,52.0,51.5,52.3,49.0
16:01:49,56.5,52.6,51.7,51.7,52.4,49.2
16:02:49,56.5,52.9,51.9,51.5,52.2,49.0
16:03:49,56.7,52.4,51.5,51.8,52.5,49.1
16:04:49,56.6,52.4,51.4,51.9,52.6,49.3
16:05:49,56.7,52.8,51.6,51.3,52.2,49.2
16:06:49,56.5,53.1,51.9,51.1,52.1,48.9
16:07:49,56.4,52.9,51.9,51.3,52.2,48.9
16:08:49,57.0,53.3,52.0,51.2,52.1,48.9
16:09:49,56.5,52.6,51.6,51.7,52.5,49.2
16:10:49,56.9,52.8,51.6,51.6,52.5,49.1
16:11:49,56.8,53.1,51.9,51.4,52.4,49.0
16:12:49,56.6,52.9,51.8,51.4,52.5,49.1
16:13:49,56.6,53.0,52.1,51.1,52.3,49.0
16:14:49,56.8,52.5,51.6,51.5,52.5,49.2
16:15:49,56.8,52.8,52.1,51.1,52.3,49.0
16:16:49,56.2,52.4,51.7,51.3,52.5,49.3
16:17:49,56.6,52.4,51.7,51.4,52.7,49.5
16:18:49,56.6,52.4,51.7,51.3,52.5,49.5
16:19:49,56.6,52.7,51.9,51.0,52.2,49.5
16:20:49,56.2,52.6,51.9,51.0,52.3,49.6
16:21:49,56.6,52.1,51.5,51.3,52.4,49.8
16:22:49,56.3,52.3,51.7,51.3,52.4,49.8
16:23:49,56.4,52.3,51.7,51.4,52.2,49.8
16:24:49,56.9,52.0,51.8,51.8,52.3,49.9
16:25:49,56.6,52.1,51.6,51.9,52.4,49.7
16:26:49,56.6,52.5,52.0,51.6,52.1,49.6
16:27:49,56.6,52.4,52.0,51.6,52.3,49.6
16:28:49,56.2,52.7,52.2,51.5,52.2,49.6
16:29:49,56.4,52.4,52.0,51.7,52.5,49.9
16:30:49,56.9,52.4,52.0,51.7,52.5,49.9
16:31:49,56.7,52.3,51.8,51.8,52.6,50.1
16:32:49,56.6,52.3,51.8,51.6,52.7,50.0
16:33:49,56.2,52.3,51.7,51.7,52.5,49.9
16:34:49,56.5,52.8,52.1,51.1,52.3,49.6
16:35:49,56.4,52.2,51.8,51.5,52.6,49.8
16:36:49,56.0,52.2,51.7,51.5,52.6,49.8
16:37:49,56.0,52.3,51.9,51.2,52.3,49.5
16:38:49,56.0,52.3,51.7,51.2,52.3,49.6
16:39:49,55.9,52.5,51.8,50.9,52.1,49.4
16:40:49,55.9,52.0,51.3,51.2,52.3,49.6
16:41:49,56.2,52.1,51.3,51.2,52.3,49.5
16:42:49,56.1,52.0,51.4,51.0,52.2,49.4
16:43:49,55.9,51.9,51.2,51.0,52.2,49.2
16:44:49,56.0,52.4,51.7,50.6,51.8,48.9
16:45:49,56.4,52.0,51.2,51.0,52.1,49.2
16:46:49,56.4,52.5,51.8,50.7,51.8,48.9
16:47:49,56.6,52.7,51.8,50.9,51.8,48.8
16:48:49,56.1,52.6,51.8,50.7,51.8,48.8
16:49:49,56.4,52.1,51.6,51.0,52.2,49.1
16:50:49,56.3,52.6,51.9,50.6,51.8,48.7
16:51:49,56.4,52.5,51.8,50.7,51.9,48.7
16:52:49,55.9,52.4,51.8,50.7,51.9,48.8
16:53:49,55.7,52.4,51.8,50.7,51.9,48.7
16:54:49,56.1,52.3,51.7,50.7,51.9,48.8
16:55:49,56.1,52.0,51.4,51.0,52.0,48.9
16:56:49,55.9,52.0,51.2,51.1,52.1,48.9
16:57:49,55.3,51.6,51.2,51.0,52.1,48.9
16:58:49,55.6,51.7,51.3,51.0,51.9,48.8
16:59:49,55.3,52.0,51.5,50.6,51.6,48.5
17:00:49,55.5,51.9,51.3,50.6,51.7,48.7
17:01:49,55.4,51.4,51.0,50.8,52.0,48.8
17:02:49,55.7,51.5,50.8,50.9,51.8,48.8
17:03:49,55.6,51.4,50.9,50.7,51.8,48.9
17:04:49,55.4,51.3,50.8,50.7,51.9,48.8
17:05:49,55.4,51.7,51.1,50.4,51.6,48.6
17:06:49,55.5,51.6,51.0,50.5,51.7,48.5
17:07:49,55.4,51.4,50.9,50.5,51.8,48.6
17:08:49,55.5,51.4,50.9,50.5,51.9,48.6
17:09:49,55.3,51.5,51.1,50.4,51.7,48.6
17:10:49,55.7,51.3,50.7,50.6,51.9,48.7
17:11:49,55.1,51.7,51.1,50.3,51.5,48.5
17:12:49,55.0,51.3,50.7,50.6,51.8,48.7
17:13:49,55.0,51.4,50.9,50.5,51.6,48.6
17:14:49,55.0,51.2,50.8,50.6,51.7,48.7
17:15:49,55.0,51.7,51.1,50.2,51.4,48.3
17:16:49,54.9,51.1,50.7,50.5,51.7,48.5
17:17:49,54.4,51.4,50.9,50.0,51.2,48.2
17:18:49,54.8,51.4,50.9,49.9,51.0,48.2
17:19:49,54.7,50.9,50.4,50.4,51.4,48.4
17:20:49,54.8,50.7,50.4,50.1,51.2,48.3
17:21:49,54.5,50.7,50.4,50.0,51.1,48.3
17:22:49,54.6,50.6,50.4,50.1,51.1,48.2
17:23:49,54.6,51.2,50.7,49.6,50.8,48.0
17:24:49,54.6,51.1,50.7,49.7,50.8,48.2
17:25:49,54.4,50.8,50.5,49.9,51.0,48.1
17:26:49,54.7,51.0,50.5,49.8,51.0,48.2
17:27:49,54.5,51.1,50.5,49.6,51.0,48.0
17:28:49,54.4,51.0,50.3,49.8,51.1,48.0
17:29:49,54.4,51.0,50.4,49.6,51.1,48.0
17:30:49,54.1,51.0,50.3,49.6,51.1,47.8
17:31:49,53.7,50.8,50.4,49.4,51.0,47.7
17:32:49,53.7,50.6,49.9,49.7,51.1,47.9
17:33:49,53.5,50.6,50.1,49.6,50.9,47.7
17:34:49,53.9,50.6,49.9,49.6,50.8,47.8
17:35:49,53.9,50.4,49.7,49.6,50.8,47.8
17:36:49,53.6,50.6,49.8,49.4,50.7,47.7
17:37:49,54.0,50.8,49.9,49.4,50.6,47.5
17:38:49,53.9,50.3,49.5,49.6,50.7,47.7
17:39:49,54.0,50.8,50.0,49.2,50.5,47.3
17:40:49,53.7,50.4,49.9,49.3,50.6,47.4
17:41:49,53.6,50.7,49.9,49.1,50.4,47.3
17:42:49,53.4,50.1,49.5,49.5,50.8,47.4
17:43:49,53.6,50.1,49.5,49.4,50.8,47.6
17:44:49,53.7,50.1,49.4,49.4,50.7,47.5
17:45:49,53.7,50.2,49.6,49.2,50.6,47.3
17:46:49,53.6,50.6,49.7,49.1,50.3,47.3
17:47:49,53.1,50.2,49.6,49.1,50.3,47.4
17:48:49,53.0,50.5,49.7,49.0,50.2,47.2
17:49:49,52.8,50.0,49.5,49.2,50.4,47.4
17:50:49,52.9,50.4,49.8,48.8,50.0,47.0
17:51:49,52.5,50.4,49.6,48.8,49.8,47.0
17:52:49,52.5,50.2,49.6,48.6,49.6,46.9
17:53:49,52.5,49.6,49.2,48.9,49.8,47.1
17:54:49,52.3,49.7,49.4,48.7,49.6,46.8
17:55:49,53.0,49.4,49.1,48.8,49.7,46.9
17:56:49,52.5,49.2,49.0,49.0,49.8,46.9
17:57:49,52.5,49.1,49.1,48.9,49.8,46.8
17:58:49,52.9,49.1,49.0,48.8,49.6,46.8
17:59:49,52.4,49.6,49.5,48.5,49.4,46.5
18:00:49,52.6,49.5,49.4,48.6,49.5,46.5
18:01:49,52.1,49.4,49.3,48.5,49.4,46.5
18:02:49,52.2,49.1,48.9,48.7,49.6,46.6
18:03:49,51.9,49.5,49.0,48.5,49.3,46.4
18:04:49,51.9,49.1,48.8,48.4,49.3,46.3
18:05:49,52.0,49.0,48.5,48.3,49.4,46.5
18:06:49,51.6,49.2,48.8,48.1,48.9,46.1
18:07:49,51.5,48.6,48.3,48.2,49.2,46.3
18:08:49,51.5,48.7,48.5,48.0,48.9,46.2
18:09:49,51.1,48.8,48.5,47.9,48.7,46.1
18:10:49,51.5,48.8,48.4,47.9,48.5,46.0
18:11:49,51.6,48.7,48.3,47.8,48.3,45.9
18:12:49,51.5,48.3,48.1,47.9,48.5,46.0
18:13:49,51.5,48.4,48.2,47.6,48.3,45.8
18:14:49,51.2,48.2,48.0,47.6,48.4,45.9
18:15:49,51.4,48.2,48.1,47.6,48.4,45.8
18:16:49,50.9,48.3,48.3,47.3,48.2,45.7
18:17:49,50.7,47.8,47.8,47.6,48.4,45.8
18:18:49,50.7,48.0,47.9,47.2,48.2,45.8
18:19:49,50.8,48.2,48.0,47.1,48.0,45.6
18:20:49,50.3,48.1,47.8,46.9,48.0,45.5
18:21:49,50.6,47.9,47.4,47.2,48.0,45.6
18:22:49,50.2,47.7,47.3,47.1,48.1,45.6
18:23:49,50.3,47.8,47.4,46.8,47.7,45.4
18:24:49,50.1,47.8,47.2,46.9,47.7,45.4
18:25:49,50.3,47.4,47.0,46.9,47.7,45.4
18:26:49,50.3,47.6,47.1,46.7,47.5,45.2
18:27:49,50.5,47.4,46.9,46.8,47.6,45.2
18:28:49,50.7,47.7,47.2,46.4,47.3,44.9
18:29:49,50.3,47.7,47.3,46.4,47.2,44.8
18:30:49,50.5,47.4,46.9,46.6,47.6,45.1
18:31:49,50.2,47.2,46.9,46.5,47.5,45.0
18:32:49,50.2,47.5,47.2,46.3,47.2,44.9
18:33:49,49.8,47.4,47.1,46.3,47.1,44.8
18:34:49,49.6,47.1,46.8,46.3,47.3,44.9
18:35:49,49.6,46.9,46.5,46.5,47.5,45.0
18:36:49,50.0,47.2,46.8,46.3,47.2,44.8
18:37:49,49.5,47.1,46.7,46.1,47.1,44.7
18:38:49,49.5,47.1,46.7,46.0,46.9,44.6
18:39:49,49.4,46.6,46.2,46.2,47.1,44.8
18:40:49,49.8,46.6,46.3,46.2,47.1,44.6
18:41:49,49.5,47.0,46.6,45.7,46.7,44.4
18:42:49,49.5,46.3,46.1,46.1,47.0,44.6
18:43:49,49.6,46.3,46.0,46.0,47.0,44.5
18:44:49,49.7,46.6,46.3,45.9,46.8,44.4
18:45:49,49.4,46.5,46.2,45.8,46.8,44.5
18:46:49,49.5,46.2,46.1,45.9,46.9,44.5
18:47:48,49.5,46.7,46.3,45.8,46.7,44.3
18:48:48,49.4,46.6,46.3,45.7,46.7,44.2
18:49:48,49.7,46.7,46.3,45.7,46.7,44.2
18:50:48,49.5,46.5,46.1,45.8,46.8,44.3
18:51:48,49.4,46.5,46.1,45.8,46.7,44.3
18:52:48,49.6,46.7,46.4,45.6,46.4,44.0
18:53:48,49.3,46.2,45.8,45.8,46.8,44.4
18:54:48,49.0,46.7,46.4,45.4,46.4,44.0
18:55:48,49.4,46.2,45.8,45.8,46.7,44.2
18:56:48,49.1,46.4,45.9,45.7,46.5,44.2
18:57:48,49.6,46.2,46.0,45.7,46.6,44.2
18:58:48,49.6,46.1,45.8,45.8,46.7,44.1
18:59:48,49.1,46.2,45.8,45.7,46.6,44.1
19:00:48,49.3,46.3,46.0,45.6,46.5,44.0
19:01:48,49.5,46.5,46.2,45.5,46.3,43.8
19:02:48,49.3,46.2,45.9,45.7,46.5,44.0
19:03:48,49.3,46.5,46.0,45.5,46.4,43.8
19:04:48,49.5,46.3,45.8,45.7,46.5,43.9
19:05:48,49.5,46.2,45.8,45.8,46.5,43.9
19:06:48,49.3,46.5,46.1,45.4,46.2,43.8
19:07:48,49.1,46.2,45.9,45.5,46.3,43.8
19:08:48,49.2,46.2,45.8,45.6,46.3,43.9
19:09:48,49.2,46.0,45.8,45.6,46.3,43.9
19:10:48,49.4,46.6,46.2,45.4,46.1,43.6
19:11:48,49.2,46.0,45.8,45.5,46.3,43.8
19:12:48,49.1,46.1,45.8,45.5,46.3,43.8
19:13:48,49.1,46.1,45.8,45.3,46.2,43.7
19:14:48,49.3,45.9,45.7,45.4,46.2,43.9
19:15:48,49.1,46.4,45.9,45.2,46.1,43.6
19:16:48,49.7,45.8,45.6,45.4,46.3,43.9
19:17:48,49.7,46.4,46.1,45.1,45.9,43.5
19:18:48,49.8,46.0,45.7,45.4,46.3,43.8
19:19:48,49.4,46.2,45.9,45.3,46.3,43.8
19:20:48,49.5,46.4,46.1,45.1,46.1,43.5
19:21:48,49.6,46.6,46.2,45.2,46.1,43.5
19:22:48,49.4,46.6,46.3,45.2,46.2,43.5
19:23:48,49.4,46.7,46.1,45.3,46.2,43.6
19:24:48,49.7,46.7,46.3,45.3,46.2,43.6
19:25:48,49.4,46.3,46.0,45.5,46.5,43.8
19:26:48,49.5,46.4,46.1,45.5,46.4,43.8
19:27:48,50.0,46.7,46.3,45.3,46.2,43.6
19:28:48,49.7,46.4,46.1,45.4,46.5,43.8
19:29:48,50.0,46.4,45.9,45.6,46.6,43.9
19:30:48,49.8,46.5,46.1,45.5,46.4,43.9
19:31:48,50.3,46.7,46.3,45.3,46.3,43.8
19:32:48,50.0,46.5,46.2,45.5,46.5,43.8
19:33:48,50.4,46.3,45.9,45.7,46.7,44.0
19:34:48,50.0,46.8,46.3,45.5,46.6,43.9
19:35:48,50.2,46.5,46.1,45.8,46.8,43.9
19:36:48,49.8,46.9,46.6,45.6,46.5,43.8
19:37:48,49.8,47.0,46.4,45.5,46.5,43.9
19:38:48,49.9,46.7,46.3,45.9,46.9,44.0
19:39:48,49.8,47.0,46.6,45.6,46.6,43.8
19:40:48,50.1,46.9,46.5,45.7,46.8,44.1
19:41:48,50.3,46.8,46.4,45.8,46.8,44.1
19:42:48,50.0,46.8,46.4,45.8,46.8,44.1
19:43:48,50.2,46.8,46.5,45.8,46.8,44.1
19:44:48,50.2,46.5,46.1,45.9,46.9,44.3
19:45:48,50.2,46.5,46.2,45.9,46.8,44.2
19:46:48,50.6,46.7,46.5,45.9,46.7,44.1
19:47:48,50.3,47.0,46.6,45.8,46.7,44.2
19:48:48,50.3,46.6,46.3,46.0,47.0,44.2
19:49:48,50.3,46.6,46.3,46.0,47.0,44.3
19:50:48,50.7,46.7,46.3,46.1,47.1,44.2
19:51:48,50.3,46.9,46.5,46.0,47.0,44.3
19:52:48,50.0,46.8,46.4,46.1,47.2,44.5
19:53:48,50.4,46.9,46.5,46.1,47.1,44.3
19:54:48,50.3,47.2,46.9,45.8,46.9,44.2
19:55:48,50.1,46.8,46.4,46.3,47.3,44.5
19:56:48,50.8,47.1,46.7,45.9,47.0,44.5
19:57:48,50.2,47.3,46.9,45.9,46.9,44.3
19:58:48,50.4,46.8,46.4,46.3,47.1,44.6
19:59:48,50.7,47.1,46.7,46.0,47.0,44.5
20:00:48,50.5,46.9,46.4,46.1,47.1,44.7
20:01:48,50.6,47.4,46.9,45.8,46.8,44.3
20:02:48,50.7,46.9,46.5,46.1,47.2,44.5
20:03:48,50.6,47.1,46.7,46.0,47.0,44.4
20:04:48,50.6,47.5,47.0,46.0,46.8,44.2
20:05:48,50.9,47.5,46.9,46.0,47.0,44.5
20:06:48,50.9,47.6,47.0,46.0,46.9,44.4
20:07:48,50.5,47.5,47.0,46.1,47.2,44.5
20:08:48,50.8,47.4,46.9,46.3,47.3,44.6
20:09:48,50.7,47.5,47.0,46.2,47.3,44.6
20:10:48,50.9,47.4,46.8,46.3,47.4,44.5
20:11:48,50.9,47.2,46.8,46.5,47.5,44.7
20:12:48,51.0,47.5,47.1,46.2,47.2,44.6
20:13:48,51.0,47.4,46.9,46.3,47.3,44.6
20:14:48,50.8,47.4,46.9,46.3,47.2,44.6
20:15:48,50.8,47.7,47.2,46.0,47.2,44.5
20:16:48,50.9,47.2,46.7,46.5,47.5,44.7
20:17:48,51.3,47.7,47.2,46.1,47.2,44.5
20:18:48,51.4,47.2,46.8,46.6,47.7,44.8
20:19:48,50.9,47.6,47.2,46.1,47.5,44.5
20:20:48,51.0,47.3,46.9,46.6,47.9,44.9
20:21:48,51.4,47.5,47.2,46.5,47.8,44.8
20:22:48,51.3,47.5,47.1,46.6,48.0,44.9
20:23:48,51.0,47.4,47.2,46.8,48.0,44.9
20:24:48,50.9,47.5,47.5,46.7,47.9,44.8
20:25:48,50.9,47.7,47.5,46.6,47.8,44.7
20:26:48,50.9,47.4,47.2,47.0,47.9,45.0
20:27:48,51.0,47.5,47.2,46.9,47.9,45.0
20:28:48,51.0,47.7,47.7,46.5,47.7,44.7
20:29:48,51.2,47.8,47.7,46.4,47.6,44.7
20:30:48,51.3,47.5,47.4,46.6,47.7,44.9
20:31:48,51.6,47.4,47.1,46.9,47.9,45.0
20:32:48,51.3,47.9,47.6,46.6,47.7,44.8
20:33:48,51.4,47.6,47.2,47.0,48.1,45.1
20:34:48,51.2,47.5,47.2,46.9,48.0,45.0
20:35:48,51.3,48.1,47.6,46.7,47.9,44.9
20:36:48,51.1,48.1,47.6,46.8,47.9,44.9
20:37:48,51.5,48.2,47.7,46.9,47.8,44.8
20:38:48,51.1,47.7,47.4,47.1,48.0,45.2
20:39:48,51.6,47.6,47.3,47.3,48.2,45.2
20:40:48,51.3,48.1,47.8,46.9,47.8,45.0
20:41:48,51.5,48.1,47.7,47.0,47.9,45.0
20:42:48,51.3,47.7,47.4,47.0,48.0,45.2
20:43:48,51.2,48.1,47.7,46.8,47.9,44.9
20:44:48,51.4,47.9,47.6,46.9,47.9,45.0
20:45:48,51.5,47.6,47.2,47.1,48.2,45.2
20:46:48,51.5,48.0,47.6,47.0,48.0,45.1
20:47:48,51.4,48.0,47.5,46.9,47.9,45.1
20:48:48,51.6,47.5,47.3,47.1,48.1,45.2
20:49:48,52.0,47.7,47.2,47.1,48.2,45.2
20:50:48,51.8,47.8,47.4,47.2,48.1,45.2
20:51:48,51.4,47.7,47.4,47.1,48.2,45.2
20:52:48,51.6,47.7,47.4,47.1,48.3,45.3
20:53:48,51.5,48.1,47.6,46.9,48.1,45.0
20:54:48,51.4,48.1,47.4,47.1,48.2,45.2
20:55:48,51.5,48.0,47.5,47.1,48.2,45.2
20:56:48,51.4,48.2,47.7,47.0,48.1,45.2
20:57:48,51.9,48.0,47.4,47.2,48.3,45.3
20:58:48,51.6,48.0,47.5,47.1,48.2,45.3
20:59:48,51.4,48.0,47.4,47.0,48.2,45.3
21:00:48,51.7,48.3,47.8,46.9,48.0,45.1
21:01:48,51.5,47.8,47.3,47.2,48.2,45.3
21:02:48,51.6,47.8,47.4,47.2,48.4,45.3
21:03:48,52.1,47.9,47.4,47.2,48.2,45.3
21:04:48,52.1,48.1,47.6,47.1,48.2,45.4
21:05:48,51.7,48.2,47.6,47.2,48.2,45.3
21:06:48,51.7,48.3,47.7,47.1,48.2,45.2
21:07:48,51.9,48.2,47.8,47.1,48.2,45.3
21:08:48,51.7,48.0,47.6,47.3,48.3,45.3
21:09:48,52.0,48.4,47.8,47.2,48.4,45.3
21:10:48,52.0,48.2,47.8,47.3,48.3,45.4
21:11:48,51.7,48.4,48.1,47.1,48.2,45.2
21:12:48,52.1,48.7,48.0,47.0,48.3,45.2
21:13:48,52.1,48.2,47.8,47.2,48.3,45.5
21:14:48,51.6,48.5,48.1,47.1,48.2,45.4
21:15:48,51.9,48.2,47.8,47.5,48.5,45.5
21:16:48,52.6,48.6,48.0,47.4,48.1,45.4
21:17:48,52.2,48.5,47.8,47.7,48.4,45.5
21:18:48,52.4,48.6,48.1,47.6,48.2,45.2
21:19:48,52.6,48.6,48.2,47.8,48.3,45.3
21:20:48,52.2,48.3,47.7,48.1,48.7,45.5
21:21:48,52.2,48.8,48.3,47.8,48.3,45.4
21:22:48,52.0,48.5,48.1,48.1,48.7,45.6
21:23:48,52.4,48.5,48.1,48.2,48.7,45.6
21:24:48,52.5,48.7,48.3,48.1,48.7,45.7
21:25:48,52.1,48.6,48.1,48.2,48.8,45.9
21:26:48,52.4,49.0,48.5,47.7,48.6,45.5
21:27:48,52.0,48.7,48.2,47.8,48.6,45.9
21:28:48,52.4,48.5,48.0,48.0,48.9,45.9
21:29:48,51.9,48.4,47.9,47.9,48.8,45.9
21:30:48,52.2,48.4,47.9,47.9,48.8,46.0
21:31:48,52.1,48.8,48.2,47.6,48.6,46.0
21:32:48,52.4,48.5,47.9,47.7,48.6,46.3
21:33:48,52.7,48.9,48.3,47.6,48.5,46.0
21:34:48,52.7,48.8,48.1,47.7,48.7,46.3
21:35:48,52.7,48.7,48.2,47.6,48.7,46.2
21:36:48,52.5,48.6,48.2,47.7,48.7,46.2
21:37:48,52.9,48.7,48.1,48.0,48.9,46.2
21:38:48,52.5,49.0,48.3,47.8,48.7,46.1
21:39:48,52.9,48.7,48.2,48.0,49.0,46.2
21:40:48,52.6,48.9,48.2,48.1,49.0,46.1
21:41:48,52.5,49.4,48.6,47.7,48.7,46.0
21:42:48,52.8,48.8,48.2,48.2,49.2,46.2
21:43:48,52.1,48.7,48.4,48.1,49.0,46.1
21:44:48,52.4,49.1,48.5,47.9,48.9,46.0
21:45:48,52.5,48.7,48.2,48.2,49.1,46.3
21:46:48,52.5,48.7,48.2,48.2,49.1,46.2
21:47:48,52.6,49.0,48.3,48.0,49.0,46.0
21:48:48,52.8,48.7,48.2,48.1,49.2,46.2
21:49:48,52.6,49.2,48.6,47.5,48.8,46.0
21:50:48,52.6,48.6,48.2,48.1,49.2,46.3
21:51:48,52.6,48.8,48.3,48.0,49.1,46.3
21:52:48,52.6,49.0,48.5,47.9,48.9,46.1
21:53:48,53.0,48.8,48.4,48.0,49.2,46.2
21:54:48,52.7,48.9,48.4,48.0,49.2,46.1
21:55:48,53.0,48.8,48.3,48.1,49.3,46.3
21:56:48,53.1,49.0,48.3,48.1,49.4,46.2
21:57:48,52.7,49.2,48.6,48.0,49.3,46.1
21:58:48,52.8,48.9,48.5,48.2,49.5,46.3
21:59:48,52.9,48.8,48.3,48.2,49.6,46.3
22:00:48,53.0,48.8,48.5,48.2,49.6,46.3
22:01:48,52.5,48.7,48.3,48.3,49.5,46.4
22:02:48,53.0,48.9,48.4,48.2,49.6,46.3
22:03:48,52.7,49.2,48.8,48.0,49.2,46.1
22:04:48,52.6,49.1,48.6,48.0,49.4,46.3
22:05:48,52.7,49.2,48.7,48.0,49.3,46.2
22:06:48,53.0,49.4,48.9,47.8,49.1,46.0
22:07:48,53.2,49.2,48.7,47.9,49.2,46.1
22:08:48,53.1,49.3,48.8,47.9,49.2,46.1
22:09:48,53.1,49.0,48.6,48.1,49.4,46.2
22:10:48,53.2,49.1,48.7,48.1,49.4,46.2
22:11:48,53.3,49.3,48.9,48.0,49.6,46.2
22:12:48,53.1,49.6,49.0,47.9,49.2,46.1
22:13:47,52.8,49.6,49.1,48.0,49.3,46.2
22:14:47,53.1,49.1,48.6,48.4,49.7,46.4
22:15:47,53.1,49.3,49.0,48.2,49.5,46.3
22:16:47,52.9,49.5,48.8,48.2,49.6,46.3
22:17:47,53.4,49.3,48.7,48.5,49.7,46.5
22:18:47,53.0,49.3,48.8,48.3,49.5,46.5
22:19:47,53.1,49.1,48.6,48.5,49.7,46.6
22:20:47,53.0,49.6,49.1,48.1,49.3,46.4
22:21:47,53.7,49.3,48.7,48.4,49.6,46.6
22:22:47,53.3,49.3,48.6,48.3,49.6,46.7
22:23:47,53.5,49.7,49.1,48.1,49.4,46.5
22:24:47,53.4,49.3,48.7,48.4,49.6,46.7
22:25:47,53.3,49.2,48.6,48.5,49.8,46.8
22:26:47,53.5,49.7,49.1,48.1,49.4,46.5
22:27:47,53.7,49.3,48.7,48.5,49.9,46.7
22:28:47,53.4,49.3,48.8,48.5,49.8,46.8
22:29:47,53.2,49.4,48.8,48.5,49.9,46.8
22:30:47,53.3,49.7,49.3,48.3,49.5,46.6
22:31:47,53.6,49.3,48.8,48.6,49.9,46.8
22:32:47,53.0,49.4,48.7,48.5,49.8,46.8
22:33:47,53.2,49.4,48.7,48.6,49.7,46.7
22:34:47,53.3,49.6,49.0,48.5,49.6,46.6
22:35:47,53.6,49.8,49.0,48.3,49.5,46.6
22:36:47,53.3,49.3,48.8,48.7,49.5,46.8
22:37:47,53.3,49.6,49.3,48.2,49.4,46.7
22:38:47,53.2,49.7,49.0,48.3,49.5,46.7
22:39:47,53.5,49.4,48.8,48.6,49.8,46.9
22:40:47,53.8,49.8,49.3,48.2,49.3,46.7
22:41:47,53.4,49.8,49.2,48.2,49.4,46.7
22:42:47,53.4,49.6,49.2,48.2,49.4,46.7
22:43:47,53.4,49.4,48.9,48.6,49.8,46.8
22:44:47,53.4,49.7,49.1,48.6,49.8,46.6
22:45:47,53.6,50.1,49.4,48.4,49.7,46.6
22:46:47,53.4,49.6,49.0,48.8,49.9,46.9
22:47:47,53.6,50.1,49.4,48.3,49.6,46.7
22:48:47,53.7,49.6,49.0,48.9,49.9,46.9
22:49:47,53.6,49.6,49.0,48.8,49.9,46.9
22:50:47,53.7,50.1,49.6,48.4,49.6,46.6
22:51:47,53.3,49.9,49.4,48.4,49.6,46.7
22:52:47,53.7,49.4,49.0,48.8,50.0,47.1
22:53:47,53.3,49.5,49.0,48.7,49.8,46.9
22:54:47,53.7,49.7,49.0,48.7,49.9,46.9
22:55:47,54.0,49.5,49.0,48.7,49.9,46.9
22:56:47,53.8,50.0,49.4,48.4,49.5,46.7
22:57:47,53.4,49.4,48.9,48.5,49.9,46.9
22:58:47,53.5,49.9,49.3,48.5,49.6,46.8
22:59:47,54.1,49.6,49.3,48.5,49.8,46.7
23:00:47,53.6,49.6,49.0,48.8,49.9,46.9
23:01:47,53.8,49.6,49.0,48.7,49.9,46.9
23:02:47,54.1,49.7,49.3,48.7,50.0,46.8
23:03:47,54.2,50.0,49.5,48.6,49.7,46.8
23:04:47,53.8,50.0,49.4,48.6,49.9,46.8
23:05:47,53.4,50.0,49.5,48.7,49.9,47.0
23:06:47,53.6,50.0,49.4,48.7,49.9,47.0
23:07:47,53.6,49.8,49.3,48.9,50.0,46.9
23:08:47,53.7,50.3,49.6,48.5,49.7,46.8
23:09:47,53.9,49.9,49.3,49.0,50.1,47.3
23:10:47,53.6,50.1,49.4,48.8,49.8,47.0
23:11:47,54.0,50.2,49.5,48.6,49.8,47.0
23:12:47,54.1,49.9,49.2,49.0,50.0,47.1
23:13:47,54.1,50.0,49.3,48.8,50.0,47.1
23:14:47,54.2,50.2,49.6,48.6,49.7,47.1
23:15:47,54.1,50.2,49.7,48.6,49.7,46.9
23:16:47,54.4,50.0,49.3,49.2,50.1,47.2
23:17:47,54.0,50.1,49.4,48.9,50.0,47.0
23:18:47,53.7,49.9,49.3,49.1,50.1,47.1
23:19:47,53.8,50.3,49.8,48.8,50.0,47.0
23:20:47,54.3,49.9,49.3,49.0,50.2,47.1
23:21:47,54.1,50.4,49.8,48.9,50.0,47.1
23:22:47,53.6,50.1,49.5,48.8,50.3,47.1
23:23:47,54.2,49.9,49.3,49.2,50.4,47.3
23:24:47,53.6,50.3,49.4,49.0,50.2,47.1
23:25:47,53.7,49.9,49.3,49.2,50.3,47.3
23:26:47,53.8,50.3,49.7,48.8,50.0,47.0
23:27:47,53.7,50.0,49.6,49.0,50.2,47.2
23:28:47,54.1,49.9,49.5,49.0,50.2,47.3
23:29:47,53.7,50.1,49.4,49.0,50.1,47.3
23:30:47,53.8,50.1,49.6,48.8,50.1,47.2
23:31:47,53.9,50.0,49.6,48.7,50.1,47.1
23:32:47,54.2,50.4,49.6,48.6,49.9,47.0
23:33:47,54.0,50.2,49.5,48.7,50.0,47.1
23:34:47,54.2,50.3,49.7,48.8,50.0,47.0
23:35:47,54.0,50.0,49.4,49.1,50.2,47.2
23:36:47,54.2,50.1,49.5,49.0,50.2,47.1
23:37:47,54.6,50.0,49.5,49.1,50.3,47.3
23:38:47,54.2,49.9,49.5,49.1,50.4,47.2
23:39:47,54.3,50.4,49.9,48.9,50.2,47.1
23:40:47,54.0,50.6,50.0,48.8,50.1,47.1
23:41:47,54.2,50.6,50.0,48.9,50.2,47.1
23:42:47,54.4,50.6,50.0,48.9,50.2,47.1
23:43:47,53.7,50.2,49.6,49.3,50.5,47.3
23:44:47,54.1,50.3,49.9,49.1,50.4,47.3
23:45:47,54.1,50.0,49.5,49.4,50.6,47.4
23:46:47,54.1,50.2,49.7,49.3,50.4,47.3
23:47:47,54.3,50.6,50.0,48.9,50.2,47.1
23:48:47,54.6,50.1,49.6,49.2,50.4,47.3
23:49:47,54.5,50.5,50.1,48.9,50.2,47.1
23:50:47,54.6,50.3,49.6,49.4,50.5,47.3
23:51:47,54.8,50.0,49.5,49.4,50.6,47.4
23:52:47,54.8,50.5,50.0,49.0,50.3,47.2
23:53:47,54.7,50.6,50.1,49.0,50.2,47.1
23:54:47,54.4,50.7,50.2,48.9,50.3,47.1
23:55:47,54.8,50.2,49.7,49.4,50.7,47.4
23:56:47,54.9,50.8,50.2,49.2,50.3,47.1
23:57:47,54.4,50.7,50.2,49.1,50.4,47.2
23:58:47,54.3,50.7,49.9,49.3,50.5,47.4
23:59:47,54.4,50.3,49.8,49.4,50.7,47.4
